index,Date,AQI,Pollutants
0,2017-01-01,345.0,Unknown
1,2017-01-02,337.0,Unknown
2,2017-01-03,331.0,Unknown
3,2017-01-04,381.0,Unknown
4,2017-01-05,321.0,Unknown
5,2017-01-06,351.0,Unknown
6,2017-01-07,278.0,Unknown
7,2017-01-08,288.0,Unknown
8,2017-01-09,308.0,Unknown
9,2017-01-10,247.0,Unknown
10,2017-01-11,280.0,Unknown
11,2017-01-12,323.0,Unknown
12,2017-01-13,326.0,Unknown
13,2017-01-14,384.0,Unknown
14,2017-01-15,326.0,Unknown
15,2017-01-16,355.0,Unknown
16,2017-01-17,245.0,Unknown
17,2017-01-18,317.0,Unknown
18,2017-01-19,300.0,Unknown
19,2017-01-20,216.0,Unknown
20,2017-01-21,286.0,Unknown
21,2017-01-22,365.0,Unknown
22,2017-01-23,309.0,Unknown
23,2017-01-24,336.0,Unknown
24,2017-01-25,366.0,Unknown
25,2017-01-26,324.0,Unknown
26,2017-01-27,118.0,Unknown
27,2017-01-28,212.0,Unknown
28,2017-01-29,211.0,Unknown
29,2017-01-30,288.5,Unknown
30,2017-01-31,366.0,Unknown
31,2017-02-01,273.0,Unknown
32,2017-02-02,327.0,Unknown
33,2017-02-03,314.0,Unknown
34,2017-02-04,336.0,Unknown
35,2017-02-05,260.0,Unknown
36,2017-02-06,306.0,Unknown
37,2017-02-07,148.0,Unknown
38,2017-02-08,254.0,Unknown
39,2017-02-09,268.0,Unknown
40,2017-02-10,249.0,Unknown
41,2017-02-11,239.0,Unknown
42,2017-02-12,274.0,Unknown
43,2017-02-13,279.0,Unknown
44,2017-02-14,303.0,Unknown
45,2017-02-15,294.0,Unknown
46,2017-02-16,284.0,Unknown
47,2017-02-17,294.0,Unknown
48,2017-02-18,236.0,Unknown
49,2017-02-19,237.0,Unknown
50,2017-02-20,243.0,Unknown
51,2017-02-21,254.0,Unknown
52,2017-02-22,236.0,Unknown
53,2017-02-23,182.0,Unknown
54,2017-02-24,226.0,Unknown
55,2017-02-25,208.0,Unknown
56,2017-02-26,256.0,Unknown
57,2017-02-27,226.0,Unknown
58,2017-02-28,266.0,Unknown
59,2017-03-01,290.0,Unknown
60,2017-03-02,258.0,Unknown
61,2017-03-03,141.0,Unknown
62,2017-03-04,173.0,Unknown
63,2017-03-05,200.0,Unknown
64,2017-03-06,177.0,Unknown
65,2017-03-07,197.0,Unknown
66,2017-03-08,194.0,Unknown
67,2017-03-09,142.0,Unknown
68,2017-03-10,90.0,Unknown
69,2017-03-11,68.0,Unknown
70,2017-03-12,104.0,Unknown
71,2017-03-13,150.0,Unknown
72,2017-03-14,123.0,Unknown
73,2017-03-15,214.0,Unknown
74,2017-03-16,207.0,Unknown
75,2017-03-17,226.0,Unknown
76,2017-03-18,185.0,Unknown
77,2017-03-19,222.0,Unknown
78,2017-03-20,241.0,Unknown
79,2017-03-21,251.0,Unknown
80,2017-03-22,242.0,Unknown
81,2017-03-23,246.0,Unknown
82,2017-03-24,244.0,Unknown
83,2017-03-25,197.0,Unknown
84,2017-03-26,177.0,Unknown
85,2017-03-27,164.0,Unknown
86,2017-03-28,218.0,Unknown
87,2017-03-29,184.5,Unknown
88,2017-03-30,151.0,Unknown
89,2017-03-31,176.0,Unknown
90,2017-04-01,223.0,Unknown
91,2017-04-02,177.0,Unknown
92,2017-04-03,154.0,Unknown
93,2017-04-04,165.0,Unknown
94,2017-04-05,108.0,Unknown
95,2017-04-06,109.0,Unknown
96,2017-04-07,351.0,Unknown
97,2017-04-08,269.0,Unknown
98,2017-04-09,130.0,Unknown
99,2017-04-10,144.0,Unknown
100,2017-04-11,162.0,Unknown
101,2017-04-12,201.0,Unknown
102,2017-04-13,282.0,Unknown
103,2017-04-14,290.0,Unknown
104,2017-04-15,307.0,Unknown
105,2017-04-16,291.0,Unknown
106,2017-04-17,276.0,Unknown
107,2017-04-18,307.0,Unknown
108,2017-04-19,262.0,Unknown
109,2017-04-20,221.0,Unknown
110,2017-04-21,234.0,Unknown
111,2017-04-22,244.0,Unknown
112,2017-04-23,193.0,Unknown
113,2017-04-24,164.0,Unknown
114,2017-04-25,189.0,Unknown
115,2017-04-26,153.0,Unknown
116,2017-04-27,168.0,Unknown
117,2017-04-28,183.0,Unknown
118,2017-04-29,190.0,Unknown
119,2017-04-30,186.0,Unknown
120,2017-05-01,158.0,Unknown
121,2017-05-02,240.0,Unknown
122,2017-05-03,297.0,Unknown
123,2017-05-04,214.0,Unknown
124,2017-05-05,332.0,Unknown
125,2017-05-06,284.0,Unknown
126,2017-05-07,293.0,Unknown
127,2017-05-08,278.0,Unknown
128,2017-05-09,259.0,Unknown
129,2017-05-10,187.0,Unknown
130,2017-05-11,218.0,Unknown
131,2017-05-12,365.0,Unknown
132,2017-05-13,316.0,Unknown
133,2017-05-14,284.0,Unknown
134,2017-05-15,248.0,Unknown
135,2017-05-16,272.0,Unknown
136,2017-05-17,183.0,Unknown
137,2017-05-18,235.0,Unknown
138,2017-05-19,239.0,Unknown
139,2017-05-20,221.0,Unknown
140,2017-05-21,339.0,Unknown
141,2017-05-22,228.0,Unknown
142,2017-05-23,222.0,Unknown
143,2017-05-24,224.0,Unknown
144,2017-05-25,196.0,Unknown
145,2017-05-26,250.0,Unknown
146,2017-05-27,197.0,Unknown
147,2017-05-28,136.0,Unknown
148,2017-05-29,130.0,Unknown
149,2017-05-30,162.0,Unknown
150,2017-05-31,126.0,Unknown
151,2017-06-01,200.0,Unknown
152,2017-06-02,220.0,Unknown
153,2017-06-03,215.0,Unknown
154,2017-06-04,237.0,Unknown
155,2017-06-05,204.0,Unknown
156,2017-06-06,204.0,Unknown
157,2017-06-07,126.0,Unknown
158,2017-06-08,103.0,Unknown
159,2017-06-09,141.0,Unknown
160,2017-06-10,177.0,Unknown
161,2017-06-11,118.0,Unknown
162,2017-06-12,125.0,Unknown
163,2017-06-13,139.0,Unknown
164,2017-06-14,182.0,Unknown
165,2017-06-15,231.0,Unknown
166,2017-06-16,154.0,Unknown
167,2017-06-17,100.0,Unknown
168,2017-06-18,117.0,Unknown
169,2017-06-19,210.0,Unknown
170,2017-06-20,89.0,Unknown
171,2017-06-21,102.0,Unknown
172,2017-06-22,124.0,Unknown
173,2017-06-23,148.0,Unknown
174,2017-06-24,159.0,Unknown
175,2017-06-25,195.0,Unknown
176,2017-06-26,160.0,Unknown
177,2017-06-27,135.0,Unknown
178,2017-06-28,102.0,Unknown
179,2017-06-29,92.0,Unknown
180,2017-06-30,76.0,Unknown
181,2017-07-01,114.0,Unknown
182,2017-07-02,102.0,Unknown
183,2017-07-03,97.0,Unknown
184,2017-07-04,99.75,Unknown
185,2017-07-05,102.5,Unknown
186,2017-07-06,105.25,Unknown
187,2017-07-07,108.0,Unknown
188,2017-07-08,93.0,Unknown
189,2017-07-09,148.0,Unknown
190,2017-07-10,117.0,Unknown
191,2017-07-11,93.0,Unknown
192,2017-07-12,62.0,Unknown
193,2017-07-13,71.0,Unknown
194,2017-07-14,64.0,Unknown
195,2017-07-15,79.0,Unknown
196,2017-07-16,90.0,Unknown
197,2017-07-17,95.0,Unknown
198,2017-07-18,100.0,Unknown
199,2017-07-19,106.0,Unknown
200,2017-07-20,88.0,Unknown
201,2017-07-21,69.0,Unknown
202,2017-07-22,55.0,Unknown
203,2017-07-23,71.0,Unknown
204,2017-07-24,60.0,Unknown
205,2017-07-25,68.0,Unknown
206,2017-07-26,63.0,Unknown
207,2017-07-27,75.0,Unknown
208,2017-07-28,70.0,Unknown
209,2017-07-29,96.0,Unknown
210,2017-07-30,43.0,Unknown
211,2017-07-31,48.0,Unknown
212,2017-08-01,50.833333333333336,Unknown
213,2017-08-02,53.666666666666664,Unknown
214,2017-08-03,56.5,Unknown
215,2017-08-04,59.333333333333336,Unknown
216,2017-08-05,62.16666666666667,Unknown
217,2017-08-06,65.0,Unknown
218,2017-08-07,67.83333333333334,Unknown
219,2017-08-08,70.66666666666667,Unknown
220,2017-08-09,73.5,Unknown
221,2017-08-10,76.33333333333334,Unknown
222,2017-08-11,79.16666666666667,Unknown
223,2017-08-12,82.0,Unknown
224,2017-08-13,84.83333333333334,Unknown
225,2017-08-14,87.66666666666667,Unknown
226,2017-08-15,90.5,Unknown
227,2017-08-16,93.33333333333334,Unknown
228,2017-08-17,96.16666666666667,Unknown
229,2017-08-18,99.0,Unknown
230,2017-08-19,101.83333333333334,Unknown
231,2017-08-20,104.66666666666667,Unknown
232,2017-08-21,107.5,Unknown
233,2017-08-22,110.33333333333334,Unknown
234,2017-08-23,113.16666666666667,Unknown
235,2017-08-24,116.0,Unknown
236,2017-08-25,141.0,Unknown
237,2017-08-26,114.0,Unknown
238,2017-08-27,104.0,Unknown
239,2017-08-28,70.0,Unknown
240,2017-08-29,68.0,Unknown
241,2017-08-30,77.0,Unknown
242,2017-08-31,92.0,Unknown
243,2017-09-01,69.0,Unknown
244,2017-09-02,65.0,Unknown
245,2017-09-03,80.0,Unknown
246,2017-09-04,106.0,Unknown
247,2017-09-05,91.0,Unknown
248,2017-09-06,86.0,Unknown
249,2017-09-07,82.0,Unknown
250,2017-09-08,152.0,Unknown
251,2017-09-09,125.0,Unknown
252,2017-09-10,154.0,Unknown
253,2017-09-11,149.0,Unknown
254,2017-09-12,118.0,Unknown
255,2017-09-13,141.0,Unknown
256,2017-09-14,191.0,Unknown
257,2017-09-15,215.0,Unknown
258,2017-09-16,137.0,Unknown
259,2017-09-17,126.0,Unknown
260,2017-09-18,124.0,Unknown
261,2017-09-19,152.0,Unknown
262,2017-09-20,174.0,Unknown
263,2017-09-21,175.0,Unknown
264,2017-09-22,67.0,Unknown
265,2017-09-23,59.0,Unknown
266,2017-09-24,105.0,Unknown
267,2017-09-25,143.0,Unknown
268,2017-09-26,177.0,Unknown
269,2017-09-27,206.0,Unknown
270,2017-09-28,205.0,Unknown
271,2017-09-29,208.0,Unknown
272,2017-09-30,192.0,Unknown
273,2017-10-01,170.0,Unknown
274,2017-10-02,144.0,Unknown
275,2017-10-03,159.0,Unknown
276,2017-10-04,220.0,Unknown
277,2017-10-05,254.0,Unknown
278,2017-10-06,187.0,Unknown
279,2017-10-07,210.5,Unknown
280,2017-10-08,234.0,Unknown
281,2017-10-09,268.0,Unknown
282,2017-10-10,238.0,Unknown
283,2017-10-11,252.0,Unknown
284,2017-10-12,273.0,Unknown
285,2017-10-13,262.0,Unknown
286,2017-10-14,267.0,Unknown
287,2017-10-15,272.0,Unknown
288,2017-10-16,274.0,Unknown
289,2017-10-17,316.0,Unknown
290,2017-10-18,286.0,Unknown
291,2017-10-19,293.0,Unknown
292,2017-10-20,357.0,Unknown
293,2017-10-21,396.0,Unknown
294,2017-10-22,311.0,Unknown
295,2017-10-23,287.0,Unknown
296,2017-10-24,294.0,Unknown
297,2017-10-25,352.0,Unknown
298,2017-10-26,324.0,Unknown
299,2017-10-27,332.0,Unknown
300,2017-10-28,347.0,Unknown
301,2017-10-29,336.0,Unknown
302,2017-10-30,328.0,Unknown
303,2017-10-31,335.0,Unknown
304,2017-11-01,354.0,Unknown
305,2017-11-02,285.0,Unknown
306,2017-11-03,327.0,Unknown
307,2017-11-04,357.0,Unknown
308,2017-11-05,363.0,Unknown
309,2017-11-06,356.0,Unknown
310,2017-11-07,449.0,Unknown
311,2017-11-08,487.0,Unknown
312,2017-11-09,487.0,Unknown
313,2017-11-10,470.0,Unknown
314,2017-11-11,431.0,Unknown
315,2017-11-12,491.0,Unknown
316,2017-11-13,465.0,Unknown
317,2017-11-14,384.0,Unknown
318,2017-11-15,354.0,Unknown
319,2017-11-16,363.0,Unknown
320,2017-11-17,307.0,Unknown
321,2017-11-18,299.0,Unknown
322,2017-11-19,291.0,Unknown
323,2017-11-20,325.0,Unknown
324,2017-11-21,325.0,Unknown
325,2017-11-22,328.0,Unknown
326,2017-11-23,316.0,Unknown
327,2017-11-24,335.0,Unknown
328,2017-11-25,337.0,Unknown
329,2017-11-26,361.0,Unknown
330,2017-11-27,365.0,Unknown
331,2017-11-28,327.0,Unknown
332,2017-11-29,344.0,Unknown
333,2017-11-30,368.0,Unknown
334,2017-12-01,343.0,Unknown
335,2017-12-02,333.0,Unknown
336,2017-12-03,355.0,Unknown
337,2017-12-04,391.0,Unknown
338,2017-12-05,380.0,Unknown
339,2017-12-06,296.0,Unknown
340,2017-12-07,191.0,Unknown
341,2017-12-08,217.0,Unknown
342,2017-12-09,308.0,Unknown
343,2017-12-10,378.0,Unknown
344,2017-12-11,363.0,Unknown
345,2017-12-12,225.0,Unknown
346,2017-12-13,270.0,Unknown
347,2017-12-14,285.0,Unknown
348,2017-12-15,284.0,Unknown
349,2017-12-16,223.0,Unknown
350,2017-12-17,199.0,Unknown
351,2017-12-18,236.0,Unknown
352,2017-12-19,297.0,Unknown
353,2017-12-20,372.0,Unknown
354,2017-12-21,446.0,Unknown
355,2017-12-22,321.0,Unknown
356,2017-12-23,228.0,Unknown
357,2017-12-24,309.0,Unknown
358,2017-12-25,384.0,Unknown
359,2017-12-26,342.0,Unknown
360,2017-12-27,360.0,Unknown
361,2017-12-28,383.0,Unknown
362,2017-12-29,367.0,Unknown
363,2017-12-30,400.0,Unknown
364,2017-12-31,406.0,Unknown
365,2018-01-01,406.0,Unknown
366,2018-01-02,418.0,Unknown
367,2018-01-03,382.0,Unknown
368,2018-01-04,366.0,Unknown
369,2018-01-05,390.0,Unknown
370,2018-01-06,405.0,Unknown
371,2018-01-07,355.0,Unknown
372,2018-01-08,288.0,Unknown
373,2018-01-09,359.0,Unknown
374,2018-01-10,352.0,Unknown
375,2018-01-11,309.0,Unknown
376,2018-01-12,298.0,Unknown
377,2018-01-13,359.0,Unknown
378,2018-01-14,321.0,Unknown
379,2018-01-15,331.0,Unknown
380,2018-01-16,255.0,Unknown
381,2018-01-17,353.0,Unknown
382,2018-01-18,400.0,Unknown
383,2018-01-19,406.0,Unknown
384,2018-01-20,323.0,Unknown
385,2018-01-21,276.0,Unknown
386,2018-01-22,342.0,Unknown
387,2018-01-23,324.0,Unknown
388,2018-01-24,270.0,Unknown
389,2018-01-25,243.0,Unknown
390,2018-01-26,261.0,Unknown
391,2018-01-27,286.0,Unknown
392,2018-01-28,300.0,Unknown
393,2018-01-29,302.0,Unknown
394,2018-01-30,270.0,Unknown
395,2018-01-31,244.0,Unknown
396,2018-02-01,274.0,Unknown
397,2018-02-02,293.0,Unknown
398,2018-02-03,243.0,Unknown
399,2018-02-04,256.0,Unknown
400,2018-02-05,291.0,Unknown
401,2018-02-06,287.0,Unknown
402,2018-02-07,261.0,Unknown
403,2018-02-08,308.0,Unknown
404,2018-02-09,335.0,Unknown
405,2018-02-10,341.0,Unknown
406,2018-02-11,304.0,Unknown
407,2018-02-12,178.0,Unknown
408,2018-02-13,191.0,Unknown
409,2018-02-14,187.0,Unknown
410,2018-02-15,187.0,Unknown
411,2018-02-16,235.0,Unknown
412,2018-02-17,256.0,Unknown
413,2018-02-18,257.0,Unknown
414,2018-02-19,294.0,Unknown
415,2018-02-20,296.0,Unknown
416,2018-02-21,308.0,Unknown
417,2018-02-22,300.0,Unknown
418,2018-02-23,302.0,Unknown
419,2018-02-24,320.0,Unknown
420,2018-02-25,266.0,Unknown
421,2018-02-26,156.0,Unknown
422,2018-02-27,160.0,Unknown
423,2018-02-28,272.0,Unknown
424,2018-03-01,257.0,Unknown
425,2018-03-02,260.0,Unknown
426,2018-03-03,203.0,Unknown
427,2018-03-04,178.0,Unknown
428,2018-03-05,172.0,Unknown
429,2018-03-06,167.0,Unknown
430,2018-03-07,185.0,Unknown
431,2018-03-08,245.0,Unknown
432,2018-03-09,280.0,Unknown
433,2018-03-10,170.0,Unknown
434,2018-03-11,170.0,Unknown
435,2018-03-12,214.0,Unknown
436,2018-03-13,217.0,Unknown
437,2018-03-14,267.0,Unknown
438,2018-03-15,297.0,Unknown
439,2018-03-16,256.0,Unknown
440,2018-03-17,186.0,Unknown
441,2018-03-18,169.0,Unknown
442,2018-03-19,173.0,Unknown
443,2018-03-20,217.0,Unknown
444,2018-03-21,289.0,Unknown
445,2018-03-22,186.0,Unknown
446,2018-03-23,151.0,Unknown
447,2018-03-24,175.0,Unknown
448,2018-03-25,195.0,Unknown
449,2018-03-26,183.0,Unknown
450,2018-03-27,230.0,Unknown
451,2018-03-28,255.0,Unknown
452,2018-03-29,213.0,Unknown
453,2018-03-30,218.0,Unknown
454,2018-03-31,256.0,Unknown
455,2018-04-01,195.0,Unknown
456,2018-04-02,219.0,Unknown
457,2018-04-03,207.0,Unknown
458,2018-04-04,203.0,Unknown
459,2018-04-05,290.0,Unknown
460,2018-04-06,208.0,Unknown
461,2018-04-07,143.0,Unknown
462,2018-04-08,141.0,Unknown
463,2018-04-09,120.0,Unknown
464,2018-04-10,230.0,Unknown
465,2018-04-11,141.0,Unknown
466,2018-04-12,99.0,Unknown
467,2018-04-13,188.0,Unknown
468,2018-04-14,217.0,Unknown
469,2018-04-15,224.0,Unknown
470,2018-04-16,285.0,Unknown
471,2018-04-17,244.0,Unknown
472,2018-04-18,228.0,Unknown
473,2018-04-19,244.0,Unknown
474,2018-04-20,246.0,Unknown
475,2018-04-21,356.0,Unknown
476,2018-04-22,211.0,Unknown
477,2018-04-23,160.0,Unknown
478,2018-04-24,254.0,Unknown
479,2018-04-25,266.0,Unknown
480,2018-04-26,313.0,Unknown
481,2018-04-27,310.0,Unknown
482,2018-04-28,301.0,Unknown
483,2018-04-29,248.0,Unknown
484,2018-04-30,209.0,Unknown
485,2018-05-01,177.0,Unknown
486,2018-05-02,153.0,Unknown
487,2018-05-03,160.0,Unknown
488,2018-05-04,139.0,Unknown
489,2018-05-05,173.0,Unknown
490,2018-05-06,269.0,Unknown
491,2018-05-07,211.0,Unknown
492,2018-05-08,208.0,Unknown
493,2018-05-09,163.0,Unknown
494,2018-05-10,190.0,Unknown
495,2018-05-11,256.0,Unknown
496,2018-05-12,304.0,Unknown
497,2018-05-13,215.0,Unknown
498,2018-05-14,130.0,Unknown
499,2018-05-15,164.0,Unknown
500,2018-05-16,190.0,Unknown
501,2018-05-17,243.0,Unknown
502,2018-05-18,225.0,Unknown
503,2018-05-19,242.0,Unknown
504,2018-05-20,199.0,Unknown
505,2018-05-21,183.0,Unknown
506,2018-05-22,212.0,Unknown
507,2018-05-23,301.0,Unknown
508,2018-05-24,252.0,Unknown
509,2018-05-25,251.0,Unknown
510,2018-05-26,235.0,Unknown
511,2018-05-27,277.0,Unknown
512,2018-05-28,275.0,Unknown
513,2018-05-29,285.0,Unknown
514,2018-05-30,281.0,Unknown
515,2018-05-31,208.0,Unknown
516,2018-06-01,198.0,Unknown
517,2018-06-02,173.0,Unknown
518,2018-06-03,174.0,Unknown
519,2018-06-04,183.0,Unknown
520,2018-06-05,169.0,Unknown
521,2018-06-06,136.0,Unknown
522,2018-06-07,164.0,Unknown
523,2018-06-08,179.0,Unknown
524,2018-06-09,127.0,Unknown
525,2018-06-10,158.0,Unknown
526,2018-06-11,183.0,Unknown
527,2018-06-12,296.0,Unknown
528,2018-06-13,445.0,Unknown
529,2018-06-14,431.0,Unknown
530,2018-06-15,447.0,Unknown
531,2018-06-16,369.0,Unknown
532,2018-06-17,289.0,Unknown
533,2018-06-18,171.0,Unknown
534,2018-06-19,121.0,Unknown
535,2018-06-20,177.0,Unknown
536,2018-06-21,226.0,Unknown
537,2018-06-22,236.0,Unknown
538,2018-06-23,218.0,Unknown
539,2018-06-24,183.0,Unknown
540,2018-06-25,192.0,Unknown
541,2018-06-26,110.0,Unknown
542,2018-06-27,93.0,Unknown
543,2018-06-28,76.0,Unknown
544,2018-06-29,72.0,Unknown
545,2018-06-30,96.0,Unknown
546,2018-07-01,92.0,Unknown
547,2018-07-02,106.0,Unknown
548,2018-07-03,114.0,Unknown
549,2018-07-04,137.0,Unknown
550,2018-07-05,123.0,Unknown
551,2018-07-06,147.0,Unknown
552,2018-07-07,151.0,Unknown
553,2018-07-08,182.0,Unknown
554,2018-07-09,157.0,Unknown
555,2018-07-10,134.0,Unknown
556,2018-07-11,106.0,Unknown
557,2018-07-12,143.0,Unknown
558,2018-07-13,99.0,Unknown
559,2018-07-14,76.0,Unknown
560,2018-07-15,76.0,Unknown
561,2018-07-16,87.0,Unknown
562,2018-07-17,91.0,Unknown
563,2018-07-18,106.0,Unknown
564,2018-07-19,88.0,Unknown
565,2018-07-20,80.0,Unknown
566,2018-07-21,111.0,Unknown
567,2018-07-22,61.0,Unknown
568,2018-07-23,67.0,Unknown
569,2018-07-24,90.0,Unknown
570,2018-07-25,78.0,Unknown
571,2018-07-26,74.0,Unknown
572,2018-07-27,54.0,Unknown
573,2018-07-28,57.0,Unknown
574,2018-07-29,90.0,Unknown
575,2018-07-30,115.0,Unknown
576,2018-07-31,132.0,Unknown
577,2018-08-01,153.0,Unknown
578,2018-08-02,235.0,Unknown
579,2018-08-03,213.0,Unknown
580,2018-08-04,216.0,Unknown
581,2018-08-05,241.0,Unknown
582,2018-08-06,133.0,Unknown
583,2018-08-07,113.0,Unknown
584,2018-08-08,86.0,Unknown
585,2018-08-09,88.0,Unknown
586,2018-08-10,102.0,Unknown
587,2018-08-11,96.0,Unknown
588,2018-08-12,83.0,Unknown
589,2018-08-13,94.0,Unknown
590,2018-08-14,117.0,Unknown
591,2018-08-15,120.0,Unknown
592,2018-08-16,86.0,Unknown
593,2018-08-17,84.0,Unknown
594,2018-08-18,80.0,Unknown
595,2018-08-19,89.0,Unknown
596,2018-08-20,137.0,Unknown
597,2018-08-21,87.0,Unknown
598,2018-08-22,78.0,Unknown
599,2018-08-23,69.0,Unknown
600,2018-08-24,80.0,Unknown
601,2018-08-25,89.0,Unknown
602,2018-08-26,78.0,Unknown
603,2018-08-27,62.0,Unknown
604,2018-08-28,71.0,Unknown
605,2018-08-29,68.0,Unknown
606,2018-08-30,78.0,Unknown
607,2018-08-31,127.0,Unknown
608,2018-09-01,114.0,Unknown
609,2018-09-02,106.0,Unknown
610,2018-09-03,73.0,Unknown
611,2018-09-04,112.0,Unknown
612,2018-09-05,90.0,Unknown
613,2018-09-06,137.0,Unknown
614,2018-09-07,91.0,Unknown
615,2018-09-08,86.0,Unknown
616,2018-09-09,61.0,Unknown
617,2018-09-10,84.0,Unknown
618,2018-09-11,79.0,Unknown
619,2018-09-12,90.0,Unknown
620,2018-09-13,103.0,Unknown
621,2018-09-14,102.0,Unknown
622,2018-09-15,118.0,Unknown
623,2018-09-16,121.0,Unknown
624,2018-09-17,135.0,Unknown
625,2018-09-18,150.0,Unknown
626,2018-09-19,154.0,Unknown
627,2018-09-20,164.0,Unknown
628,2018-09-21,143.0,Unknown
629,2018-09-22,54.0,Unknown
630,2018-09-23,62.0,Unknown
631,2018-09-24,52.0,Unknown
632,2018-09-25,55.0,Unknown
633,2018-09-26,88.0,Unknown
634,2018-09-27,151.0,Unknown
635,2018-09-28,197.0,Unknown
636,2018-09-29,219.0,Unknown
637,2018-09-30,158.0,Unknown
638,2018-10-01,148.0,Unknown
639,2018-10-02,202.0,Unknown
640,2018-10-03,143.0,Unknown
641,2018-10-04,201.0,Unknown
642,2018-10-05,256.0,Unknown
643,2018-10-06,209.0,Unknown
644,2018-10-07,181.0,Unknown
645,2018-10-08,246.0,Unknown
646,2018-10-09,251.0,Unknown
647,2018-10-10,241.0,Unknown
648,2018-10-11,210.0,Unknown
649,2018-10-12,154.0,Unknown
650,2018-10-13,262.0,Unknown
651,2018-10-14,204.0,Unknown
652,2018-10-15,246.0,Unknown
653,2018-10-16,291.0,Unknown
654,2018-10-17,313.0,Unknown
655,2018-10-18,297.0,Unknown
656,2018-10-19,276.0,Unknown
657,2018-10-20,326.0,Unknown
658,2018-10-21,292.0,Unknown
659,2018-10-22,272.0,Unknown
660,2018-10-23,254.0,Unknown
661,2018-10-24,328.0,Unknown
662,2018-10-25,331.0,Unknown
663,2018-10-26,361.0,Unknown
664,2018-10-27,350.0,Unknown
665,2018-10-28,366.0,Unknown
666,2018-10-29,367.0,Unknown
667,2018-10-30,401.0,Unknown
668,2018-10-31,358.0,Unknown
669,2018-11-01,393.0,Unknown
670,2018-11-02,370.0,Unknown
671,2018-11-03,340.0,Unknown
672,2018-11-04,171.0,Unknown
673,2018-11-05,426.0,Unknown
674,2018-11-06,338.0,Unknown
675,2018-11-07,281.0,Unknown
676,2018-11-08,390.0,Unknown
677,2018-11-09,423.0,Unknown
678,2018-11-10,401.0,Unknown
679,2018-11-11,405.0,Unknown
680,2018-11-12,399.0,Unknown
681,2018-11-13,409.0,Unknown
682,2018-11-14,312.0,Unknown
683,2018-11-15,217.0,Unknown
684,2018-11-16,285.0,Unknown
685,2018-11-17,267.0,Unknown
686,2018-11-18,311.0,Unknown
687,2018-11-19,330.0,Unknown
688,2018-11-20,374.0,Unknown
689,2018-11-21,374.0,Unknown
690,2018-11-22,273.0,Unknown
691,2018-11-23,337.0,Unknown
692,2018-11-24,249.0,Unknown
693,2018-11-25,262.0,Unknown
694,2018-11-26,336.0,Unknown
695,2018-11-27,352.0,Unknown
696,2018-11-28,316.0,Unknown
697,2018-11-29,358.0,Unknown
698,2018-11-30,352.0,Unknown
699,2018-12-01,306.0,Unknown
700,2018-12-02,297.0,Unknown
701,2018-12-03,328.0,Unknown
702,2018-12-04,356.0,Unknown
703,2018-12-05,331.0,Unknown
704,2018-12-06,349.0,Unknown
705,2018-12-07,348.0,Unknown
706,2018-12-08,347.0,Unknown
707,2018-12-09,374.0,Unknown
708,2018-12-10,403.0,Unknown
709,2018-12-11,413.0,Unknown
710,2018-12-12,392.0,Unknown
711,2018-12-13,194.0,Unknown
712,2018-12-14,249.0,Unknown
713,2018-12-15,261.0,Unknown
714,2018-12-16,282.0,Unknown
715,2018-12-17,337.0,Unknown
716,2018-12-18,353.0,Unknown
717,2018-12-19,353.0,Unknown
718,2018-12-20,394.0,Unknown
719,2018-12-21,386.0,Unknown
720,2018-12-22,421.0,Unknown
721,2018-12-23,450.0,Unknown
722,2018-12-24,448.0,Unknown
723,2018-12-25,409.0,Unknown
724,2018-12-26,384.0,Unknown
725,2018-12-27,399.0,Unknown
726,2018-12-28,392.0,Unknown
727,2018-12-29,385.0,Unknown
728,2018-12-30,415.0,Unknown
729,2018-12-31,420.0,Unknown
730,2019-01-01,393.0,Unknown
731,2019-01-02,430.0,Unknown
732,2019-01-03,444.0,Unknown
733,2019-01-04,386.0,Unknown
734,2019-01-05,407.0,Unknown
735,2019-01-06,336.0,Unknown
736,2019-01-07,333.0,Unknown
737,2019-01-08,320.0,Unknown
738,2019-01-09,288.0,Unknown
739,2019-01-10,292.0,Unknown
740,2019-01-11,371.0,Unknown
741,2019-01-12,423.0,Unknown
742,2019-01-13,414.0,Unknown
743,2019-01-14,247.0,Unknown
744,2019-01-15,237.0,Unknown
745,2019-01-16,371.0,Unknown
746,2019-01-17,440.0,Unknown
747,2019-01-18,397.0,Unknown
748,2019-01-19,378.0,Unknown
749,2019-01-20,404.0,Unknown
750,2019-01-21,346.0,Unknown
751,2019-01-22,104.0,Unknown
752,2019-01-23,212.0,Unknown
753,2019-01-24,311.0,Unknown
754,2019-01-25,151.0,Unknown
755,2019-01-26,233.0,Unknown
756,2019-01-27,262.0,Unknown
757,2019-01-28,267.0,Unknown
758,2019-01-29,276.0,Unknown
759,2019-01-30,327.0,Unknown
760,2019-01-31,359.0,Unknown
761,2019-02-01,306.0,Unknown
762,2019-02-02,332.0,Unknown
763,2019-02-03,289.0,Unknown
764,2019-02-04,288.0,Unknown
765,2019-02-05,382.0,Unknown
766,2019-02-06,352.0,Unknown
767,2019-02-07,176.0,Unknown
768,2019-02-08,144.0,Unknown
769,2019-02-09,158.0,Unknown
770,2019-02-10,276.0,Unknown
771,2019-02-11,309.0,Unknown
772,2019-02-12,342.0,Unknown
773,2019-02-13,367.0,Unknown
774,2019-02-14,340.0,Unknown
775,2019-02-15,245.0,Unknown
776,2019-02-16,276.0,Unknown
777,2019-02-17,222.0,Unknown
778,2019-02-18,255.0,Unknown
779,2019-02-19,221.0,Unknown
780,2019-02-20,271.0,Unknown
781,2019-02-21,144.0,Unknown
782,2019-02-22,186.0,Unknown
783,2019-02-23,113.0,Unknown
784,2019-02-24,190.0,Unknown
785,2019-02-25,217.0,Unknown
786,2019-02-26,116.0,Unknown
787,2019-02-27,100.0,Unknown
788,2019-02-28,170.0,Unknown
789,2019-03-01,225.0,Unknown
790,2019-03-02,217.0,Unknown
791,2019-03-03,117.0,Unknown
792,2019-03-04,234.0,Unknown
793,2019-03-05,140.0,Unknown
794,2019-03-06,186.0,Unknown
795,2019-03-07,217.0,Unknown
796,2019-03-08,197.0,Unknown
797,2019-03-09,187.0,Unknown
798,2019-03-10,160.0,Unknown
799,2019-03-11,187.0,Unknown
800,2019-03-12,134.0,Unknown
801,2019-03-13,178.0,Unknown
802,2019-03-14,266.0,Unknown
803,2019-03-15,154.0,Unknown
804,2019-03-16,139.0,Unknown
805,2019-03-17,192.0,Unknown
806,2019-03-18,196.0,Unknown
807,2019-03-19,216.0,Unknown
808,2019-03-20,208.0,Unknown
809,2019-03-21,242.0,Unknown
810,2019-03-22,114.0,Unknown
811,2019-03-23,132.0,Unknown
812,2019-03-24,121.0,Unknown
813,2019-03-25,139.0,Unknown
814,2019-03-26,159.0,Unknown
815,2019-03-27,171.0,Unknown
816,2019-03-28,234.0,Unknown
817,2019-03-29,232.0,Unknown
818,2019-03-30,233.0,Unknown
819,2019-03-31,182.0,Unknown
820,2019-04-01,151.0,Unknown
821,2019-04-02,198.0,Unknown
822,2019-04-03,187.0,Unknown
823,2019-04-04,254.0,Unknown
824,2019-04-05,264.0,Unknown
825,2019-04-06,266.0,Unknown
826,2019-04-07,302.0,Unknown
827,2019-04-08,264.0,Unknown
828,2019-04-09,204.0,Unknown
829,2019-04-10,238.0,Unknown
830,2019-04-11,183.0,Unknown
831,2019-04-12,212.0,Unknown
832,2019-04-13,170.0,Unknown
833,2019-04-14,137.0,Unknown
834,2019-04-15,168.0,Unknown
835,2019-04-16,180.0,Unknown
836,2019-04-17,84.0,Unknown
837,2019-04-18,114.0,Unknown
838,2019-04-19,157.0,Unknown
839,2019-04-20,198.0,Unknown
840,2019-04-21,203.0,Unknown
841,2019-04-22,236.0,Unknown
842,2019-04-23,247.0,Unknown
843,2019-04-24,221.0,Unknown
844,2019-04-25,251.0,Unknown
845,2019-04-26,215.0,Unknown
846,2019-04-27,256.0,Unknown
847,2019-04-28,264.0,Unknown
848,2019-04-29,248.0,Unknown
849,2019-04-30,250.0,Unknown
850,2019-05-01,295.0,Unknown
851,2019-05-02,257.0,Unknown
852,2019-05-03,183.0,Unknown
853,2019-05-04,182.0,Unknown
854,2019-05-05,227.0,Unknown
855,2019-05-06,249.0,Unknown
856,2019-05-07,294.0,Unknown
857,2019-05-08,357.0,Unknown
858,2019-05-09,347.0,Unknown
859,2019-05-10,277.0,Unknown
860,2019-05-11,251.0,Unknown
861,2019-05-12,334.0,Unknown
862,2019-05-13,322.0,Unknown
863,2019-05-14,153.0,Unknown
864,2019-05-15,186.0,Unknown
865,2019-05-16,187.0,Unknown
866,2019-05-17,265.0,Unknown
867,2019-05-18,105.0,Unknown
868,2019-05-19,185.0,Unknown
869,2019-05-20,206.0,Unknown
870,2019-05-21,190.0,Unknown
871,2019-05-22,158.0,Unknown
872,2019-05-23,223.0,Unknown
873,2019-05-24,123.0,Unknown
874,2019-05-25,121.0,Unknown
875,2019-05-26,142.0,Unknown
876,2019-05-27,160.0,Unknown
877,2019-05-28,177.0,Unknown
878,2019-05-29,185.0,Unknown
879,2019-05-30,218.0,Unknown
880,2019-05-31,280.0,Unknown
881,2019-06-01,264.0,Unknown
882,2019-06-02,201.0,Unknown
883,2019-06-03,261.0,Unknown
884,2019-06-04,169.0,Unknown
885,2019-06-05,192.0,Unknown
886,2019-06-06,206.0,Unknown
887,2019-06-07,173.0,Unknown
888,2019-06-08,181.0,Unknown
889,2019-06-09,239.0,Unknown
890,2019-06-10,207.0,Unknown
891,2019-06-11,307.0,Unknown
892,2019-06-12,233.0,Unknown
893,2019-06-13,175.0,Unknown
894,2019-06-14,171.0,Unknown
895,2019-06-15,224.0,Unknown
896,2019-06-16,178.0,Unknown
897,2019-06-17,123.0,Unknown
898,2019-06-18,97.0,Unknown
899,2019-06-19,199.0,Unknown
900,2019-06-20,141.0,Unknown
901,2019-06-21,177.0,Unknown
902,2019-06-22,189.0,Unknown
903,2019-06-23,148.0,Unknown
904,2019-06-24,109.0,Unknown
905,2019-06-25,133.0,Unknown
906,2019-06-26,162.0,Unknown
907,2019-06-27,184.0,Unknown
908,2019-06-28,191.0,Unknown
909,2019-06-29,231.0,Unknown
910,2019-06-30,237.0,Unknown
911,2019-07-01,183.0,Unknown
912,2019-07-02,218.0,Unknown
913,2019-07-03,136.0,Unknown
914,2019-07-04,103.0,Unknown
915,2019-07-05,106.0,Unknown
916,2019-07-06,88.0,Unknown
917,2019-07-07,91.0,Unknown
918,2019-07-08,127.0,Unknown
919,2019-07-09,126.0,Unknown
920,2019-07-10,148.0,Unknown
921,2019-07-11,317.0,Unknown
922,2019-07-12,272.0,Unknown
923,2019-07-13,275.0,Unknown
924,2019-07-14,235.0,Unknown
925,2019-07-15,168.0,Unknown
926,2019-07-16,93.0,Unknown
927,2019-07-17,73.0,Unknown
928,2019-07-18,85.0,Unknown
929,2019-07-19,145.0,Unknown
930,2019-07-20,124.0,Unknown
931,2019-07-21,108.0,Unknown
932,2019-07-22,112.0,Unknown
933,2019-07-23,148.0,Unknown
934,2019-07-24,164.0,Unknown
935,2019-07-25,78.0,Unknown
936,2019-07-26,81.0,Unknown
937,2019-07-27,61.0,Unknown
938,2019-07-28,64.0,Unknown
939,2019-07-29,65.0,Unknown
940,2019-07-30,80.0,Unknown
941,2019-07-31,80.0,Unknown
942,2019-08-01,89.0,Unknown
943,2019-08-02,84.0,Unknown
944,2019-08-03,89.0,Unknown
945,2019-08-04,87.0,Unknown
946,2019-08-05,105.0,Unknown
947,2019-08-06,76.0,Unknown
948,2019-08-07,75.0,Unknown
949,2019-08-08,79.0,Unknown
950,2019-08-09,75.0,Unknown
951,2019-08-10,59.0,Unknown
952,2019-08-11,68.0,Unknown
953,2019-08-12,57.0,Unknown
954,2019-08-13,69.0,Unknown
955,2019-08-14,63.0,Unknown
956,2019-08-15,75.0,Unknown
957,2019-08-16,53.0,Unknown
958,2019-08-17,49.0,Unknown
959,2019-08-18,49.0,Unknown
960,2019-08-19,81.0,Unknown
961,2019-08-20,97.0,Unknown
962,2019-08-21,109.0,Unknown
963,2019-08-22,123.0,Unknown
964,2019-08-23,129.0,Unknown
965,2019-08-24,147.0,Unknown
966,2019-08-25,91.0,Unknown
967,2019-08-26,66.0,Unknown
968,2019-08-27,117.0,Unknown
969,2019-08-28,105.0,Unknown
970,2019-08-29,91.0,Unknown
971,2019-08-30,101.0,Unknown
972,2019-08-31,114.0,Unknown
973,2019-09-01,108.0,Unknown
974,2019-09-02,96.0,Unknown
975,2019-09-03,141.0,Unknown
976,2019-09-04,173.0,Unknown
977,2019-09-05,95.0,Unknown
978,2019-09-06,90.0,Unknown
979,2019-09-07,82.0,Unknown
980,2019-09-08,77.0,Unknown
981,2019-09-09,108.0,Unknown
982,2019-09-10,137.0,Unknown
983,2019-09-11,168.0,Unknown
984,2019-09-12,151.0,Unknown
985,2019-09-13,86.0,Unknown
986,2019-09-14,72.0,Unknown
987,2019-09-15,72.0,Unknown
988,2019-09-16,105.0,Unknown
989,2019-09-17,135.0,Unknown
990,2019-09-18,110.0,Unknown
991,2019-09-19,66.0,Unknown
992,2019-09-20,90.0,Unknown
993,2019-09-21,114.0,Unknown
994,2019-09-22,67.0,Unknown
995,2019-09-23,83.0,Unknown
996,2019-09-24,94.0,Unknown
997,2019-09-25,90.0,Unknown
998,2019-09-26,74.0,Unknown
999,2019-09-27,63.0,Unknown
1000,2019-09-28,67.0,Unknown
1001,2019-09-29,60.0,Unknown
1002,2019-09-30,68.0,Unknown
1003,2019-10-01,93.0,Unknown
1004,2019-10-02,90.0,Unknown
1005,2019-10-03,136.0,Unknown
1006,2019-10-04,100.0,Unknown
1007,2019-10-05,98.0,Unknown
1008,2019-10-06,127.0,Unknown
1009,2019-10-07,130.0,Unknown
1010,2019-10-08,112.0,Unknown
1011,2019-10-09,173.0,Unknown
1012,2019-10-10,211.0,Unknown
1013,2019-10-11,216.0,Unknown
1014,2019-10-12,222.0,Unknown
1015,2019-10-13,270.0,Unknown
1016,2019-10-14,252.0,Unknown
1017,2019-10-15,270.0,Unknown
1018,2019-10-16,304.0,Unknown
1019,2019-10-17,284.0,Unknown
1020,2019-10-18,248.0,Unknown
1021,2019-10-19,161.0,Unknown
1022,2019-10-20,238.0,Unknown
1023,2019-10-21,249.0,Unknown
1024,2019-10-22,207.0,Unknown
1025,2019-10-23,242.0,Unknown
1026,2019-10-24,311.0,Unknown
1027,2019-10-25,284.0,Unknown
1028,2019-10-26,287.0,Unknown
1029,2019-10-27,337.0,Unknown
1030,2019-10-28,368.0,Unknown
1031,2019-10-29,400.0,Unknown
1032,2019-10-30,419.0,Unknown
1033,2019-10-31,410.0,Unknown
1034,2019-11-01,484.0,Unknown
1035,2019-11-02,399.0,Unknown
1036,2019-11-03,494.0,Unknown
1037,2019-11-04,407.0,Unknown
1038,2019-11-05,324.0,Unknown
1039,2019-11-06,214.0,Unknown
1040,2019-11-07,309.0,Unknown
1041,2019-11-08,330.0,Unknown
1042,2019-11-09,283.0,Unknown
1043,2019-11-10,321.0,Unknown
1044,2019-11-11,360.0,Unknown
1045,2019-11-12,425.0,Unknown
1046,2019-11-13,456.0,Unknown
1047,2019-11-14,463.0,Unknown
1048,2019-11-15,458.0,Unknown
1049,2019-11-16,357.0,Unknown
1050,2019-11-17,215.0,Unknown
1051,2019-11-18,214.0,Unknown
1052,2019-11-19,242.0,Unknown
1053,2019-11-20,301.0,Unknown
1054,2019-11-21,366.0,Unknown
1055,2019-11-22,360.0,Unknown
1056,2019-11-23,312.0,Unknown
1057,2019-11-24,234.0,Unknown
1058,2019-11-25,252.0,Unknown
1059,2019-11-26,270.0,Unknown
1060,2019-11-27,134.0,Unknown
1061,2019-11-28,106.0,Unknown
1062,2019-11-29,84.0,Unknown
1063,2019-11-30,193.0,Unknown
1064,2019-12-01,250.0,Unknown
1065,2019-12-02,279.0,Unknown
1066,2019-12-03,282.0,Unknown
1067,2019-12-04,296.0,Unknown
1068,2019-12-05,382.0,Unknown
1069,2019-12-06,404.0,Unknown
1070,2019-12-07,371.0,Unknown
1071,2019-12-08,391.0,Unknown
1072,2019-12-09,343.0,Unknown
1073,2019-12-10,369.0,Unknown
1074,2019-12-11,408.0,Unknown
1075,2019-12-12,430.0,Unknown
1076,2019-12-13,240.0,Unknown
1077,2019-12-14,163.0,Unknown
1078,2019-12-15,213.0,Unknown
1079,2019-12-16,186.0,Unknown
1080,2019-12-17,168.0,Unknown
1081,2019-12-18,292.0,Unknown
1082,2019-12-19,362.0,Unknown
1083,2019-12-20,432.0,Unknown
1084,2019-12-21,418.0,Unknown
1085,2019-12-22,322.0,Unknown
1086,2019-12-23,327.0,Unknown
1087,2019-12-24,383.0,Unknown
1088,2019-12-25,350.0,Unknown
1089,2019-12-26,349.0,Unknown
1090,2019-12-27,373.0,Unknown
1091,2019-12-28,409.0,Unknown
1092,2019-12-29,431.0,Unknown
1093,2019-12-30,446.0,Unknown
1094,2019-12-31,387.0,Unknown
1095,2020-01-01,437.0,Unknown
1096,2020-01-02,417.0,Unknown
1097,2020-01-03,352.0,Unknown
1098,2020-01-04,334.0,Unknown
1099,2020-01-05,330.0,Unknown
1100,2020-01-06,325.0,Unknown
1101,2020-01-07,254.0,Unknown
1102,2020-01-08,266.0,Unknown
1103,2020-01-09,203.0,Unknown
1104,2020-01-10,255.0,Unknown
1105,2020-01-11,288.0,Unknown
1106,2020-01-12,348.0,Unknown
1107,2020-01-13,366.0,Unknown
1108,2020-01-14,283.0,Unknown
1109,2020-01-15,218.0,Unknown
1110,2020-01-16,281.0,Unknown
1111,2020-01-17,265.0,Unknown
1112,2020-01-18,243.0,Unknown
1113,2020-01-19,277.0,Unknown
1114,2020-01-20,269.0,Unknown
1115,2020-01-21,364.0,Unknown
1116,2020-01-22,370.0,Unknown
1117,2020-01-23,211.0,Unknown
1118,2020-01-24,151.0,Unknown
1119,2020-01-25,250.0,Unknown
1120,2020-01-26,325.0,Unknown
1121,2020-01-27,345.0,Unknown
1122,2020-01-28,243.0,Unknown
1123,2020-01-29,194.0,Unknown
1124,2020-01-30,202.0,Unknown
1125,2020-01-31,190.0,Unknown
1126,2020-02-01,232.0,Unknown
1127,2020-02-02,244.0,Unknown
1128,2020-02-03,270.0,Unknown
1129,2020-02-04,310.0,Unknown
1130,2020-02-05,312.0,Unknown
1131,2020-02-06,231.0,Unknown
1132,2020-02-07,295.0,Unknown
1133,2020-02-08,289.0,Unknown
1134,2020-02-09,285.0,Unknown
1135,2020-02-10,309.0,Unknown
1136,2020-02-11,323.0,Unknown
1137,2020-02-12,320.0,Unknown
1138,2020-02-13,241.0,Unknown
1139,2020-02-14,173.0,Unknown
1140,2020-02-15,167.0,Unknown
1141,2020-02-16,247.0,Unknown
1142,2020-02-17,293.0,Unknown
1143,2020-02-18,252.0,Unknown
1144,2020-02-19,272.0,Unknown
1145,2020-02-20,230.0,Unknown
1146,2020-02-21,144.0,Unknown
1147,2020-02-22,100.0,Unknown
1148,2020-02-23,225.0,Unknown
1149,2020-02-24,142.0,Unknown
1150,2020-02-25,249.0,Unknown
1151,2020-02-26,274.0,Unknown
1152,2020-02-27,233.0,Unknown
1153,2020-02-28,198.0,Unknown
1154,2020-02-29,144.0,Unknown
1155,2020-03-01,90.0,Unknown
1156,2020-03-02,205.0,Unknown
1157,2020-03-03,205.0,Unknown
1158,2020-03-04,195.0,Unknown
1159,2020-03-05,79.0,Unknown
1160,2020-03-06,64.0,Unknown
1161,2020-03-07,67.0,Unknown
1162,2020-03-08,164.0,Unknown
1163,2020-03-09,123.0,Unknown
1164,2020-03-10,188.0,Unknown
1165,2020-03-11,116.0,Unknown
1166,2020-03-12,127.0,Unknown
1167,2020-03-13,173.0,Unknown
1168,2020-03-14,108.0,Unknown
1169,2020-03-15,131.0,Unknown
1170,2020-03-16,139.0,Unknown
1171,2020-03-17,157.0,Unknown
1172,2020-03-18,151.0,Unknown
1173,2020-03-19,186.0,Unknown
1174,2020-03-20,192.0,Unknown
1175,2020-03-21,186.0,Unknown
1176,2020-03-22,191.0,Unknown
1177,2020-03-23,124.0,Unknown
1178,2020-03-24,122.0,Unknown
1179,2020-03-25,77.0,Unknown
1180,2020-03-26,92.0,Unknown
1181,2020-03-27,69.0,Unknown
1182,2020-03-28,45.0,Unknown
1183,2020-03-29,62.0,Unknown
1184,2020-03-30,71.0,Unknown
1185,2020-03-31,76.0,Unknown
1186,2020-04-01,73.0,Unknown
1187,2020-04-02,69.0,Unknown
1188,2020-04-03,79.0,Unknown
1189,2020-04-04,87.0,Unknown
1190,2020-04-05,102.0,Unknown
1191,2020-04-06,142.0,Unknown
1192,2020-04-07,90.0,Unknown
1193,2020-04-08,83.0,Unknown
1194,2020-04-09,86.0,Unknown
1195,2020-04-10,118.0,Unknown
1196,2020-04-11,124.0,Unknown
1197,2020-04-12,94.0,Unknown
1198,2020-04-13,126.0,Unknown
1199,2020-04-14,130.0,Unknown
1200,2020-04-15,155.0,Unknown
1201,2020-04-16,180.0,Unknown
1202,2020-04-17,105.0,Unknown
1203,2020-04-18,98.0,Unknown
1204,2020-04-19,85.0,Unknown
1205,2020-04-20,119.0,Unknown
1206,2020-04-21,87.0,Unknown
1207,2020-04-22,131.0,Unknown
1208,2020-04-23,122.0,Unknown
1209,2020-04-24,139.0,Unknown
1210,2020-04-25,98.0,Unknown
1211,2020-04-26,117.0,Unknown
1212,2020-04-27,89.0,Unknown
1213,2020-04-28,100.0,Unknown
1214,2020-04-29,125.0,Unknown
1215,2020-04-30,138.0,Unknown
1216,2020-05-01,146.0,Unknown
1217,2020-05-02,112.0,Unknown
1218,2020-05-03,93.0,Unknown
1219,2020-05-04,94.0,Unknown
1220,2020-05-05,119.0,Unknown
1221,2020-05-06,139.0,Unknown
1222,2020-05-07,127.0,Unknown
1223,2020-05-08,134.0,Unknown
1224,2020-05-09,144.0,Unknown
1225,2020-05-10,121.0,Unknown
1226,2020-05-11,116.0,Unknown
1227,2020-05-12,125.0,Unknown
1228,2020-05-13,150.0,Unknown
1229,2020-05-14,149.0,Unknown
1230,2020-05-15,123.0,Unknown
1231,2020-05-16,179.0,Unknown
1232,2020-05-17,200.0,Unknown
1233,2020-05-18,206.0,Unknown
1234,2020-05-19,212.0,Unknown
1235,2020-05-20,166.0,Unknown
1236,2020-05-21,147.0,Unknown
1237,2020-05-22,199.0,Unknown
1238,2020-05-23,181.0,Unknown
1239,2020-05-24,172.0,Unknown
1240,2020-05-25,153.0,Unknown
1241,2020-05-26,154.0,Unknown
1242,2020-05-27,156.0,Unknown
1243,2020-05-28,188.0,Unknown
1244,2020-05-29,101.0,Unknown
1245,2020-05-30,78.0,Unknown
1246,2020-05-31,72.0,Unknown
1247,2020-06-01,104.0,Unknown
1248,2020-06-02,124.0,Unknown
1249,2020-06-03,122.0,Unknown
1250,2020-06-04,153.0,Unknown
1251,2020-06-05,111.0,Unknown
1252,2020-06-06,102.0,Unknown
1253,2020-06-07,107.0,Unknown
1254,2020-06-08,108.0,Unknown
1255,2020-06-09,139.0,Unknown
1256,2020-06-10,152.0,Unknown
1257,2020-06-11,141.0,Unknown
1258,2020-06-12,153.0,Unknown
1259,2020-06-13,123.0,Unknown
1260,2020-06-14,154.0,Unknown
1261,2020-06-15,115.0,Unknown
1262,2020-06-16,118.0,Unknown
1263,2020-06-17,109.0,Unknown
1264,2020-06-18,95.0,Unknown
1265,2020-06-19,148.0,Unknown
1266,2020-06-20,149.0,Unknown
1267,2020-06-21,98.0,Unknown
1268,2020-06-22,92.0,Unknown
1269,2020-06-23,76.0,Unknown
1270,2020-06-24,66.0,Unknown
1271,2020-06-25,85.0,Unknown
1272,2020-06-26,105.0,Unknown
1273,2020-06-27,108.0,Unknown
1274,2020-06-28,209.0,Unknown
1275,2020-06-29,230.0,Unknown
1276,2020-06-30,102.0,Unknown
1277,2020-07-01,117.0,Unknown
1278,2020-07-02,127.0,Unknown
1279,2020-07-03,156.0,Unknown
1280,2020-07-04,105.0,Unknown
1281,2020-07-05,90.0,Unknown
1282,2020-07-06,90.0,Unknown
1283,2020-07-07,65.0,Unknown
1284,2020-07-08,51.0,Unknown
1285,2020-07-09,78.0,Unknown
1286,2020-07-10,67.0,Unknown
1287,2020-07-11,68.0,Unknown
1288,2020-07-12,71.0,Unknown
1289,2020-07-13,72.0,Unknown
1290,2020-07-14,127.0,Unknown
1291,2020-07-15,124.0,Unknown
1292,2020-07-16,72.0,Unknown
1293,2020-07-17,79.0,Unknown
1294,2020-07-18,92.0,Unknown
1295,2020-07-19,65.0,Unknown
1296,2020-07-20,60.0,Unknown
1297,2020-07-21,61.0,Unknown
1298,2020-07-22,59.0,Unknown
1299,2020-07-23,65.0,Unknown
1300,2020-07-24,100.0,Unknown
1301,2020-07-25,67.0,Unknown
1302,2020-07-26,78.0,Unknown
1303,2020-07-27,100.0,Unknown
1304,2020-07-28,72.0,Unknown
1305,2020-07-29,90.0,Unknown
1306,2020-07-30,55.0,Unknown
1307,2020-07-31,75.0,Unknown
1308,2020-08-01,81.0,Unknown
1309,2020-08-02,61.0,Unknown
1310,2020-08-03,67.0,Unknown
1311,2020-08-04,62.0,Unknown
1312,2020-08-05,86.0,Unknown
1313,2020-08-06,69.0,Unknown
1314,2020-08-07,54.0,Unknown
1315,2020-08-08,87.0,Unknown
1316,2020-08-09,74.0,Unknown
1317,2020-08-10,72.0,Unknown
1318,2020-08-11,75.0,Unknown
1319,2020-08-12,63.0,Unknown
1320,2020-08-13,50.0,Unknown
1321,2020-08-14,58.0,Unknown
1322,2020-08-15,67.0,Unknown
1323,2020-08-16,52.0,Unknown
1324,2020-08-17,66.0,Unknown
1325,2020-08-18,72.0,Unknown
1326,2020-08-19,57.0,Unknown
1327,2020-08-20,50.0,Unknown
1328,2020-08-21,57.0,Unknown
1329,2020-08-22,53.0,Unknown
1330,2020-08-23,53.0,Unknown
1331,2020-08-24,45.0,Unknown
1332,2020-08-25,61.0,Unknown
1333,2020-08-26,57.0,Unknown
1334,2020-08-27,64.0,Unknown
1335,2020-08-28,79.0,Unknown
1336,2020-08-29,77.0,Unknown
1337,2020-08-30,70.0,Unknown
1338,2020-08-31,41.0,Unknown
1339,2020-09-01,53.0,Unknown
1340,2020-09-02,69.0,Unknown
1341,2020-09-03,84.0,Unknown
1342,2020-09-04,82.0,Unknown
1343,2020-09-05,101.0,Unknown
1344,2020-09-06,70.0,Unknown
1345,2020-09-07,93.0,Unknown
1346,2020-09-08,79.0,Unknown
1347,2020-09-09,105.0,Unknown
1348,2020-09-10,108.0,Unknown
1349,2020-09-11,136.0,Unknown
1350,2020-09-12,144.0,Unknown
1351,2020-09-13,142.0,Unknown
1352,2020-09-14,152.0,Unknown
1353,2020-09-15,144.0,Unknown
1354,2020-09-16,151.0,Unknown
1355,2020-09-17,120.0,Unknown
1356,2020-09-18,108.0,Unknown
1357,2020-09-19,118.0,Unknown
1358,2020-09-20,148.0,Unknown
1359,2020-09-21,142.0,Unknown
1360,2020-09-22,115.0,Unknown
1361,2020-09-23,76.0,Unknown
1362,2020-09-24,104.0,Unknown
1363,2020-09-25,143.0,Unknown
1364,2020-09-26,165.0,Unknown
1365,2020-09-27,117.0,Unknown
1366,2020-09-28,159.0,Unknown
1367,2020-09-29,177.0,Unknown
1368,2020-09-30,156.0,Unknown
1369,2020-10-01,152.0,Unknown
1370,2020-10-02,180.0,Unknown
1371,2020-10-03,189.0,Unknown
1372,2020-10-04,184.0,Unknown
1373,2020-10-05,179.0,Unknown
1374,2020-10-06,178.0,Unknown
1375,2020-10-07,215.0,Unknown
1376,2020-10-08,208.0,Unknown
1377,2020-10-09,202.0,Unknown
1378,2020-10-10,221.0,Unknown
1379,2020-10-11,216.0,Unknown
1380,2020-10-12,261.0,Unknown
1381,2020-10-13,300.0,Unknown
1382,2020-10-14,276.0,Unknown
1383,2020-10-15,312.0,Unknown
1384,2020-10-16,237.0,Unknown
1385,2020-10-17,287.0,Unknown
1386,2020-10-18,254.0,Unknown
1387,2020-10-19,244.0,Unknown
1388,2020-10-20,223.0,Unknown
1389,2020-10-21,256.0,Unknown
1390,2020-10-22,296.0,Unknown
1391,2020-10-23,366.0,Unknown
1392,2020-10-24,345.0,Unknown
1393,2020-10-25,349.0,Unknown
1394,2020-10-26,353.0,Unknown
1395,2020-10-27,312.0,Unknown
1396,2020-10-28,297.0,Unknown
1397,2020-10-29,395.0,Unknown
1398,2020-10-30,374.0,Unknown
1399,2020-10-31,367.0,Unknown
1400,2020-11-01,364.0,Unknown
1401,2020-11-02,293.0,Unknown
1402,2020-11-03,302.0,Unknown
1403,2020-11-04,343.0,Unknown
1404,2020-11-05,450.0,Unknown
1405,2020-11-06,406.0,Unknown
1406,2020-11-07,427.0,Unknown
1407,2020-11-08,416.0,Unknown
1408,2020-11-09,477.0,Unknown
1409,2020-11-10,476.0,Unknown
1410,2020-11-11,344.0,Unknown
1411,2020-11-12,314.0,Unknown
1412,2020-11-13,339.0,Unknown
1413,2020-11-14,414.0,Unknown
1414,2020-11-15,435.0,Unknown
1415,2020-11-16,221.0,Unknown
1416,2020-11-17,171.0,Unknown
1417,2020-11-18,211.0,Unknown
1418,2020-11-19,283.0,Unknown
1419,2020-11-20,296.0,Unknown
1420,2020-11-21,251.0,Unknown
1421,2020-11-22,274.0,Unknown
1422,2020-11-23,295.0,Unknown
1423,2020-11-24,379.0,Unknown
1424,2020-11-25,413.0,Unknown
1425,2020-11-26,302.0,Unknown
1426,2020-11-27,137.0,Unknown
1427,2020-11-28,231.0,Unknown
1428,2020-11-29,256.0,Unknown
1429,2020-11-30,318.0,Unknown
1430,2020-12-01,367.0,Unknown
1431,2020-12-02,373.0,Unknown
1432,2020-12-03,341.0,Unknown
1433,2020-12-04,382.0,Unknown
1434,2020-12-05,404.0,Unknown
1435,2020-12-06,389.0,Unknown
1436,2020-12-07,400.0,Unknown
1437,2020-12-08,383.0,Unknown
1438,2020-12-09,358.0,Unknown
1439,2020-12-10,284.0,Unknown
1440,2020-12-11,295.0,Unknown
1441,2020-12-12,356.0,Unknown
1442,2020-12-13,305.0,Unknown
1443,2020-12-14,160.0,Unknown
1444,2020-12-15,230.0,Unknown
1445,2020-12-16,262.0,Unknown
1446,2020-12-17,256.0,Unknown
1447,2020-12-18,281.0,Unknown
1448,2020-12-19,290.0,Unknown
1449,2020-12-20,321.0,Unknown
1450,2020-12-21,332.0,Unknown
1451,2020-12-22,418.0,Unknown
1452,2020-12-23,433.0,Unknown
1453,2020-12-24,423.0,Unknown
1454,2020-12-25,357.0,Unknown
1455,2020-12-26,337.0,Unknown
1456,2020-12-27,396.0,Unknown
1457,2020-12-28,253.0,Unknown
1458,2020-12-29,265.0,Unknown
1459,2020-12-30,290.0,Unknown
1460,2020-12-31,347.0,Unknown
1461,2021-01-01,441.0,"PM10,PM2.5"
1462,2021-01-02,443.0,"PM10,PM2.5"
1463,2021-01-03,354.0,"PM10,PM2.5"
1464,2021-01-04,151.0,"PM10,PM2.5"
1465,2021-01-05,140.0,"CO,NO2,PM10"
1466,2021-01-06,226.0,"PM10,PM2.5"
1467,2021-01-07,255.0,"PM10,PM2.5"
1468,2021-01-08,234.0,"PM10,PM2.5"
1469,2021-01-09,301.0,"PM10,PM2.5"
1470,2021-01-10,245.0,"OZONE,PM10,PM2.5"
1471,2021-01-11,243.0,"OZONE,PM10,PM2.5"
1472,2021-01-12,293.0,"PM10,PM2.5"
1473,2021-01-13,354.0,"PM10,PM2.5"
1474,2021-01-14,429.0,"PM10,PM2.5"
1475,2021-01-15,460.0,"PM10,PM2.5"
1476,2021-01-16,407.0,"PM10,PM2.5"
1477,2021-01-17,347.0,"PM10,PM2.5"
1478,2021-01-18,372.0,"PM10,PM2.5"
1479,2021-01-19,404.0,"PM10,PM2.5"
1480,2021-01-20,283.0,"OZONE,PM10,PM2.5"
1481,2021-01-21,296.0,"PM10,PM2.5"
1482,2021-01-22,364.0,"PM10,PM2.5"
1483,2021-01-23,326.0,"PM10,PM2.5"
1484,2021-01-24,364.0,"PM10,PM2.5"
1485,2021-01-25,323.0,"PM10,PM2.5"
1486,2021-01-26,330.0,"PM10,PM2.5"
1487,2021-01-27,318.0,"PM10,PM2.5"
1488,2021-01-28,357.0,"PM10,PM2.5"
1489,2021-01-29,387.0,"PM10,PM2.5"
1490,2021-01-30,309.0,"PM10,PM2.5"
1491,2021-01-31,289.0,"PM10,PM2.5"
1492,2021-02-01,352.0,"PM10,PM2.5"
1493,2021-02-02,364.0,"PM10,PM2.5"
1494,2021-02-03,330.0,"PM10,PM2.5"
1495,2021-02-04,316.0,"PM10,PM2.5"
1496,2021-02-05,133.0,"CO,NO2,OZONE"
1497,2021-02-06,199.0,"OZONE,PM10,PM2.5"
1498,2021-02-07,232.0,"PM10,PM2.5"
1499,2021-02-08,303.0,"PM10,PM2.5"
1500,2021-02-09,305.0,"PM10,PM2.5"
1501,2021-02-10,291.0,"PM10,PM2.5"
1502,2021-02-11,330.0,"PM10,PM2.5"
1503,2021-02-12,341.0,"PM10,PM2.5"
1504,2021-02-13,334.0,"PM10,PM2.5"
1505,2021-02-14,351.0,"PM10,PM2.5"
1506,2021-02-15,313.0,"PM10,PM2.5"
1507,2021-02-16,327.0,"PM10,PM2.5"
1508,2021-02-17,324.0,"PM10,PM2.5"
1509,2021-02-18,302.0,"PM10,PM2.5"
1510,2021-02-19,311.0,"PM10,PM2.5"
1511,2021-02-20,250.0,"PM10,PM2.5"
1512,2021-02-21,296.0,"PM10,PM2.5"
1513,2021-02-22,288.0,"PM10,PM2.5"
1514,2021-02-23,250.0,"OZONE,PM10,PM2.5"
1515,2021-02-24,278.0,"PM10,PM2.5"
1516,2021-02-25,298.0,"PM10,PM2.5"
1517,2021-02-26,229.0,"PM10,PM2.5"
1518,2021-02-27,203.0,"PM10,PM2.5"
1519,2021-02-28,208.0,"PM10,PM2.5"
1520,2021-03-01,177.0,"OZONE,PM10,PM2.5"
1521,2021-03-02,175.0,"OZONE,PM10,PM2.5"
1522,2021-03-03,188.0,"OZONE,PM10,PM2.5"
1523,2021-03-04,278.0,"OZONE,PM10,PM2.5"
1524,2021-03-05,255.0,"PM10,PM2.5"
1525,2021-03-06,204.0,"OZONE,PM10,PM2.5"
1526,2021-03-07,256.0,"PM10,PM2.5"
1527,2021-03-08,207.0,"OZONE,PM10,PM2.5"
1528,2021-03-09,283.0,"PM10,PM2.5"
1529,2021-03-10,175.0,"NO2,OZONE,PM10"
1530,2021-03-11,242.0,"PM10,PM2.5"
1531,2021-03-12,218.0,"PM10,PM2.5"
1532,2021-03-13,209.0,"OZONE,PM10,PM2.5"
1533,2021-03-14,209.0,"OZONE,PM10,PM2.5"
1534,2021-03-15,206.0,"PM10,PM2.5"
1535,2021-03-16,258.0,"PM10,PM2.5"
1536,2021-03-17,311.0,"PM10,PM2.5"
1537,2021-03-18,315.0,"PM10,PM2.5"
1538,2021-03-19,279.0,"PM10,PM2.5"
1539,2021-03-20,234.0,"PM10,PM2.5"
1540,2021-03-21,244.0,"OZONE,PM10,PM2.5"
1541,2021-03-22,196.0,"PM10,PM2.5"
1542,2021-03-23,244.0,"PM10,PM2.5"
1543,2021-03-24,175.0,"OZONE,PM10,PM2.5"
1544,2021-03-25,148.0,"PM10,PM2.5"
1545,2021-03-26,150.0,"OZONE,PM10,PM2.5"
1546,2021-03-27,199.0,"OZONE,PM10,PM2.5"
1547,2021-03-28,233.0,"OZONE,PM10,PM2.5"
1548,2021-03-29,225.0,"PM10,PM2.5"
1549,2021-03-30,232.0,"PM10,PM2.5"
1550,2021-03-31,203.0,"PM10,PM2.5"
1551,2021-04-01,182.0,"PM10,PM2.5"
1552,2021-04-02,176.0,"OZONE,PM10,PM2.5"
1553,2021-04-03,159.0,"NO2,OZONE,PM10"
1554,2021-04-04,171.0,"NO2,OZONE,PM10"
1555,2021-04-05,205.0,"OZONE,PM10,PM2.5"
1556,2021-04-06,279.0,"PM10,PM2.5"
1557,2021-04-07,250.0,"OZONE,PM10,PM2.5"
1558,2021-04-08,153.0,"NO2,OZONE,PM10"
1559,2021-04-09,170.0,"OZONE,PM10,PM2.5"
1560,2021-04-10,181.0,"OZONE,PM10,PM2.5"
1561,2021-04-11,186.0,"NO2,OZONE,PM10"
1562,2021-04-12,241.0,"OZONE,PM10,PM2.5"
1563,2021-04-13,231.0,"OZONE,PM10,PM2.5"
1564,2021-04-14,199.0,"OZONE,PM10,PM2.5"
1565,2021-04-15,220.0,"OZONE,PM10,PM2.5"
1566,2021-04-16,238.0,"PM10,PM2.5"
1567,2021-04-17,128.0,"OZONE,PM10,PM2.5"
1568,2021-04-18,154.0,"OZONE,PM10,PM2.5"
1569,2021-04-19,187.0,"OZONE,PM10,PM2.5"
1570,2021-04-20,191.0,"OZONE,PM10,PM2.5"
1571,2021-04-21,134.0,"OZONE,PM10,PM2.5"
1572,2021-04-22,140.0,"OZONE,PM10,PM2.5"
1573,2021-04-23,126.0,"CO,OZONE,PM10"
1574,2021-04-24,125.0,"CO,NO2,OZONE"
1575,2021-04-25,192.0,"OZONE,PM10,PM2.5"
1576,2021-04-26,256.0,"OZONE,PM10,PM2.5"
1577,2021-04-27,284.0,"OZONE,PM10,PM2.5"
1578,2021-04-28,312.0,"PM10,PM2.5"
1579,2021-04-29,296.0,"PM10,PM2.5"
1580,2021-04-30,287.0,"OZONE,PM10,PM2.5"
1581,2021-05-01,238.0,"OZONE,PM10,PM2.5"
1582,2021-05-02,174.0,"OZONE,PM10,PM2.5"
1583,2021-05-03,245.0,"PM10,PM2.5"
1584,2021-05-04,173.0,"PM10,PM2.5"
1585,2021-05-05,175.0,"OZONE,PM10,PM2.5"
1586,2021-05-06,156.0,"OZONE,PM10,PM2.5"
1587,2021-05-07,142.0,"OZONE,PM10,PM2.5"
1588,2021-05-08,173.0,"OZONE,PM10,PM2.5"
1589,2021-05-09,166.0,"CO,OZONE,PM10"
1590,2021-05-10,136.0,"CO,NO2,OZONE"
1591,2021-05-11,151.0,"CO,OZONE,PM10"
1592,2021-05-12,115.0,"CO,NO2,OZONE"
1593,2021-05-13,121.0,"CO,OZONE,PM10"
1594,2021-05-14,132.0,"CO,NO2,OZONE"
1595,2021-05-15,140.0,"CO,OZONE,PM10"
1596,2021-05-16,166.0,"OZONE,PM10,PM2.5"
1597,2021-05-17,191.0,"OZONE,PM10,PM2.5"
1598,2021-05-18,93.0,"CO,NO2,OZONE"
1599,2021-05-19,78.0,"CO,NO2,PM10"
1600,2021-05-20,58.0,"CO,NO2,OZONE"
1601,2021-05-21,85.0,"NO2,OZONE,PM10"
1602,2021-05-22,94.0,"NO2,OZONE,PM10"
1603,2021-05-23,237.0,"PM10,PM2.5"
1604,2021-05-24,169.0,"OZONE,PM10,PM2.5"
1605,2021-05-25,140.0,"OZONE,PM10,PM2.5"
1606,2021-05-26,149.0,"NO2,OZONE,PM10"
1607,2021-05-27,150.0,"NO2,OZONE,PM10"
1608,2021-05-28,106.0,"PM10,PM2.5"
1609,2021-05-29,87.0,"NO2,OZONE,PM10"
1610,2021-05-30,101.0,"CO,OZONE,PM10"
1611,2021-05-31,135.0,"OZONE,PM10,PM2.5"
1612,2021-06-01,115.0,"OZONE,PM10,PM2.5"
1613,2021-06-02,143.0,"OZONE,PM10,PM2.5"
1614,2021-06-03,159.0,"OZONE,PM10,PM2.5"
1615,2021-06-04,196.0,"OZONE,PM10,PM2.5"
1616,2021-06-05,124.0,"NO2,OZONE,PM10"
1617,2021-06-06,134.0,"OZONE,PM10,PM2.5"
1618,2021-06-07,180.0,"OZONE,PM10,PM2.5"
1619,2021-06-08,205.0,"PM10,PM2.5"
1620,2021-06-09,305.0,"PM10,PM2.5"
1621,2021-06-10,221.0,"PM10,PM2.5"
1622,2021-06-11,145.0,"OZONE,PM10,PM2.5"
1623,2021-06-12,133.0,"PM10,PM2.5"
1624,2021-06-13,83.0,"NO2,OZONE,PM10"
1625,2021-06-14,124.0,"NO2,OZONE,PM10"
1626,2021-06-15,113.0,"NO2,OZONE,PM10"
1627,2021-06-16,115.0,"CO,OZONE,PM10"
1628,2021-06-17,108.0,"CO,NO2,OZONE"
1629,2021-06-18,81.0,"CO,NO2,OZONE"
1630,2021-06-19,70.0,"CO,NO2,OZONE"
1631,2021-06-20,62.0,"CO,NO2,OZONE"
1632,2021-06-21,84.0,"CO,NO2,OZONE"
1633,2021-06-22,127.0,"CO,OZONE,PM10"
1634,2021-06-23,218.0,"OZONE,PM10,PM2.5"
1635,2021-06-24,146.0,"OZONE,PM10,PM2.5"
1636,2021-06-25,163.0,"OZONE,PM10,PM2.5"
1637,2021-06-26,135.0,"CO,OZONE,PM10"
1638,2021-06-27,168.0,"OZONE,PM10,PM2.5"
1639,2021-06-28,161.0,"OZONE,PM10,PM2.5"
1640,2021-06-29,195.0,"OZONE,PM10,PM2.5"
1641,2021-06-30,206.0,"PM10,PM2.5"
1642,2021-07-01,266.0,"PM10,PM2.5"
1643,2021-07-02,245.0,"NO2,PM10,PM2.5"
1644,2021-07-03,139.0,"PM10,PM2.5"
1645,2021-07-04,140.0,"CO,OZONE,PM10"
1646,2021-07-05,149.0,"CO,OZONE,PM10"
1647,2021-07-06,144.0,"OZONE,PM10,PM2.5"
1648,2021-07-07,178.0,"PM10,PM2.5"
1649,2021-07-08,164.0,"PM10,PM2.5"
1650,2021-07-09,144.0,"OZONE,PM10,PM2.5"
1651,2021-07-10,97.0,"CO,NO2,PM10"
1652,2021-07-11,94.0,"CO,OZONE,PM10"
1653,2021-07-12,90.0,"CO,NO2,PM10"
1654,2021-07-13,80.0,"CO,PM10,PM2.5"
1655,2021-07-14,83.0,"CO,NO2,PM10"
1656,2021-07-15,83.0,"CO,NO2,OZONE"
1657,2021-07-16,90.0,"CO,NO2,OZONE"
1658,2021-07-17,117.0,"OZONE,PM10,PM2.5"
1659,2021-07-18,94.0,"CO,NO2,OZONE"
1660,2021-07-19,62.0,"CO,NO2,OZONE"
1661,2021-07-20,81.0,"CO,NO2,OZONE"
1662,2021-07-21,74.0,"CO,NO2,OZONE"
1663,2021-07-22,83.0,"CO,NO2,OZONE"
1664,2021-07-23,68.0,"CO,NO2,OZONE"
1665,2021-07-24,99.0,"CO,NO2,OZONE"
1666,2021-07-25,107.0,"CO,NO2,OZONE"
1667,2021-07-26,86.0,"CO,NO2,OZONE"
1668,2021-07-27,98.0,"CO,NO2,PM10"
1669,2021-07-28,61.0,"CO,NO2,OZONE"
1670,2021-07-29,63.0,"CO,NH3,NO2"
1671,2021-07-30,76.0,"CO,NO2,OZONE"
1672,2021-07-31,57.0,"CO,NO2,OZONE"
1673,2021-08-01,81.0,"CO,NO2,OZONE"
1674,2021-08-02,95.0,"CO,PM10,PM2.5"
1675,2021-08-03,71.0,"CO,NO2,PM10"
1676,2021-08-04,69.0,"CO,NO2,OZONE"
1677,2021-08-05,99.0,"CO,NO2,PM10"
1678,2021-08-06,104.0,"CO,NO2,OZONE"
1679,2021-08-07,101.0,"NO2,OZONE,PM10"
1680,2021-08-08,109.0,"OZONE,PM10,PM2.5"
1681,2021-08-09,101.0,"CO,NO2,OZONE"
1682,2021-08-10,101.0,"CO,PM10,PM2.5"
1683,2021-08-11,122.0,"CO,NO2,PM10"
1684,2021-08-12,114.0,"CO,PM10,PM2.5"
1685,2021-08-13,118.0,"CO,NO2,PM10"
1686,2021-08-14,116.0,"CO,PM10,PM2.5"
1687,2021-08-15,114.0,"CO,NO2,OZONE"
1688,2021-08-16,121.0,"CO,PM10,PM2.5"
1689,2021-08-17,150.0,"PM10,PM2.5"
1690,2021-08-18,152.0,"PM10,PM2.5"
1691,2021-08-19,167.0,"OZONE,PM10,PM2.5"
1692,2021-08-20,111.0,"CO,PM10,PM2.5"
1693,2021-08-21,69.0,"CO,NO2,OZONE"
1694,2021-08-22,59.0,"CO,NO2,OZONE"
1695,2021-08-23,82.0,"CO,OZONE,PM10"
1696,2021-08-24,100.0,"CO,PM10,PM2.5"
1697,2021-08-25,115.0,"CO,PM10,PM2.5"
1698,2021-08-26,114.0,"CO,PM10,PM2.5"
1699,2021-08-27,134.0,"PM10,PM2.5"
1700,2021-08-28,147.0,"PM10,PM2.5"
1701,2021-08-29,119.0,"CO,OZONE,PM10"
1702,2021-08-30,81.0,"CO,OZONE,PM10"
1703,2021-08-31,73.0,"CO,OZONE,PM10"
1704,2021-09-01,64.0,"CO,NO2,OZONE"
1705,2021-09-02,64.0,"CO,NO2,OZONE"
1706,2021-09-03,70.0,"CO,NO2,OZONE"
1707,2021-09-04,68.0,"CO,NO2,OZONE"
1708,2021-09-05,88.0,"CO,NO2,PM10"
1709,2021-09-06,122.0,"CO,PM10,PM2.5"
1710,2021-09-07,98.0,"CO,NO2,OZONE"
1711,2021-09-08,70.0,"CO,NO2,OZONE"
1712,2021-09-09,75.0,"CO,PM10,PM2.5"
1713,2021-09-10,79.0,"CO,PM10,PM2.5"
1714,2021-09-11,61.0,"CO,NO2,OZONE"
1715,2021-09-12,60.0,"CO,NO2,OZONE"
1716,2021-09-13,89.0,"CO,PM10,PM2.5"
1717,2021-09-14,69.0,"CO,NO2,OZONE"
1718,2021-09-15,70.0,"CO,NO2,OZONE"
1719,2021-09-16,79.0,"CO,NO2,PM10"
1720,2021-09-17,62.0,"CO,NO2,PM10"
1721,2021-09-18,69.0,"CO,NO2,OZONE"
1722,2021-09-19,82.0,"CO,PM10,PM2.5"
1723,2021-09-20,82.0,"CO,NO2,OZONE"
1724,2021-09-21,83.0,"CO,NO2,PM10"
1725,2021-09-22,69.0,"CO,NO2,OZONE"
1726,2021-09-23,68.0,"CO,NO2,PM10"
1727,2021-09-24,64.0,"CO,NO2,PM10"
1728,2021-09-25,80.0,"CO,NO2,OZONE"
1729,2021-09-26,75.0,"CO,NO2,OZONE"
1730,2021-09-27,108.0,"CO,OZONE,PM10"
1731,2021-09-28,120.0,"CO,PM10,PM2.5"
1732,2021-09-29,81.0,"CO,OZONE,PM10"
1733,2021-09-30,84.0,"CO,OZONE,PM10"
1734,2021-10-01,108.0,"CO,PM10,PM2.5"
1735,2021-10-02,125.0,"CO,PM10,PM2.5"
1736,2021-10-03,105.0,"CO,PM10,PM2.5"
1737,2021-10-04,91.0,"CO,OZONE,PM10"
1738,2021-10-05,115.0,"CO,NO2,OZONE"
1739,2021-10-06,114.0,"CO,PM10,PM2.5"
1740,2021-10-07,127.0,"OZONE,PM10,PM2.5"
1741,2021-10-08,167.0,"OZONE,PM10,PM2.5"
1742,2021-10-09,171.0,"PM10,PM2.5"
1743,2021-10-10,168.0,"PM10,PM2.5"
1744,2021-10-11,166.0,"OZONE,PM10,PM2.5"
1745,2021-10-12,179.0,"PM10,PM2.5"
1746,2021-10-13,171.0,"PM10,PM2.5"
1747,2021-10-14,182.0,"OZONE,PM10,PM2.5"
1748,2021-10-15,198.0,"OZONE,PM10,PM2.5"
1749,2021-10-16,284.0,"PM10,PM2.5"
1750,2021-10-17,298.0,"PM10,PM2.5"
1751,2021-10-18,46.0,"CO,NO2,OZONE"
1752,2021-10-19,69.0,"CO,NO2,OZONE"
1753,2021-10-20,221.0,"PM10,PM2.5"
1754,2021-10-21,199.0,"PM10,PM2.5"
1755,2021-10-22,170.0,"PM10,PM2.5"
1756,2021-10-23,173.0,"PM10,PM2.5"
1757,2021-10-24,160.0,"PM10,PM2.5"
1758,2021-10-25,82.0,"NO2,OZONE,PM10"
1759,2021-10-26,139.0,"PM10,PM2.5"
1760,2021-10-27,232.0,"PM10,PM2.5"
1761,2021-10-28,268.0,"PM10,PM2.5"
1762,2021-10-29,283.0,"PM10,PM2.5"
1763,2021-10-30,268.0,"NO2,PM10,PM2.5"
1764,2021-10-31,289.0,"NO2,PM10,PM2.5"
1765,2021-11-01,281.0,"NO2,PM10,PM2.5"
1766,2021-11-02,303.0,"NO2,PM10,PM2.5"
1767,2021-11-03,314.0,"PM10,PM2.5"
1768,2021-11-04,382.0,"PM10,PM2.5"
1769,2021-11-05,462.0,"PM10,PM2.5"
1770,2021-11-06,437.0,"PM10,PM2.5"
1771,2021-11-07,428.0,"PM10,PM2.5"
1772,2021-11-08,390.0,"PM10,PM2.5"
1773,2021-11-09,404.0,"PM10,PM2.5"
1774,2021-11-10,372.0,"PM10,PM2.5"
1775,2021-11-11,411.0,"PM10,PM2.5"
1776,2021-11-12,471.0,"PM10,PM2.5"
1777,2021-11-13,437.0,"PM10,PM2.5"
1778,2021-11-14,330.0,"PM10,PM2.5"
1779,2021-11-15,353.0,"PM10,PM2.5"
1780,2021-11-16,403.0,"PM10,PM2.5"
1781,2021-11-17,375.0,"PM10,PM2.5"
1782,2021-11-18,347.0,"PM10,PM2.5"
1783,2021-11-19,380.0,"PM10,PM2.5"
1784,2021-11-20,374.0,"PM10,PM2.5"
1785,2021-11-21,349.0,"PM10,PM2.5"
1786,2021-11-22,311.0,"PM10,PM2.5"
1787,2021-11-23,290.0,"PM10,PM2.5"
1788,2021-11-24,361.0,"PM10,PM2.5"
1789,2021-11-25,400.0,"PM10,PM2.5"
1790,2021-11-26,406.0,"PM10,PM2.5"
1791,2021-11-27,402.0,"PM10,PM2.5"
1792,2021-11-28,405.0,"PM10,PM2.5"
1793,2021-11-29,389.0,"PM10,PM2.5"
1794,2021-11-30,328.0,"PM10,PM2.5"
1795,2021-12-01,370.0,"PM10,PM2.5"
1796,2021-12-02,429.0,"PM10,PM2.5"
1797,2021-12-03,346.0,"PM10,PM2.5"
1798,2021-12-04,362.0,"PM10,PM2.5"
1799,2021-12-05,305.0,"PM10,PM2.5"
1800,2021-12-06,322.0,"PM10,PM2.5"
1801,2021-12-07,255.0,"PM10,PM2.5"
1802,2021-12-08,237.0,"PM10,PM2.5"
1803,2021-12-09,289.0,"PM10,PM2.5"
1804,2021-12-10,314.0,"PM10,PM2.5"
1805,2021-12-11,281.0,"PM10,PM2.5"
1806,2021-12-12,254.0,"OZONE,PM10,PM2.5"
1807,2021-12-13,331.0,"PM10,PM2.5"
1808,2021-12-14,367.0,"PM10,PM2.5"
1809,2021-12-15,363.0,"PM10,PM2.5"
1810,2021-12-16,368.0,"PM10,PM2.5"
1811,2021-12-17,329.0,"PM10,PM2.5"
1812,2021-12-18,291.0,"PM10,PM2.5"
1813,2021-12-19,271.0,"PM10,PM2.5"
1814,2021-12-20,332.0,"PM10,PM2.5"
1815,2021-12-21,402.0,"PM10,PM2.5"
1816,2021-12-22,407.0,"PM10,PM2.5"
1817,2021-12-23,423.0,"PM10,PM2.5"
1818,2021-12-24,415.0,"PM10,PM2.5"
1819,2021-12-25,431.0,"PM10,PM2.5"
1820,2021-12-26,459.0,"PM10,PM2.5"
1821,2021-12-27,283.0,"PM10,PM2.5"
1822,2021-12-28,305.0,"PM10,PM2.5"
1823,2021-12-29,267.0,"PM10,PM2.5"
1824,2021-12-30,286.0,"PM10,PM2.5"
1825,2021-12-31,321.0,"PM10,PM2.5"
1826,2022-01-01,362.0,"PM10,PM2.5"
1827,2022-01-02,404.0,"PM10,PM2.5"
1828,2022-01-03,387.0,"PM10,PM2.5"
1829,2022-01-04,378.0,"PM10,PM2.5"
1830,2022-01-05,397.0,"PM10,PM2.5"
1831,2022-01-06,258.0,"PM10,PM2.5"
1832,2022-01-07,182.0,"PM10,PM2.5"
1833,2022-01-08,91.0,"CO,PM10,PM2.5"
1834,2022-01-09,69.0,"CO,PM10,PM2.5"
1835,2022-01-10,151.0,"PM10,PM2.5"
1836,2022-01-11,224.0,"PM10,PM2.5"
1837,2022-01-12,191.0,"PM10,PM2.5"
1838,2022-01-13,321.0,"PM10,PM2.5"
1839,2022-01-14,348.0,"PM10,PM2.5"
1840,2022-01-15,258.0,"PM10,PM2.5"
1841,2022-01-16,264.0,"PM10,PM2.5"
1842,2022-01-17,327.0,"PM10,PM2.5"
1843,2022-01-18,352.0,"PM10,PM2.5"
1844,2022-01-19,322.0,"PM10,PM2.5"
1845,2022-01-20,387.0,"PM10,PM2.5"
1846,2022-01-21,365.0,"PM10,PM2.5"
1847,2022-01-22,316.0,"PM10,PM2.5"
1848,2022-01-23,202.0,"CO,PM10,PM2.5"
1849,2022-01-24,241.0,"CO,PM10,PM2.5"
1850,2022-01-25,234.0,"PM10,PM2.5"
1851,2022-01-26,260.0,"PM10,PM2.5"
1852,2022-01-27,262.0,"CO,PM10,PM2.5"
1853,2022-01-28,215.0,"CO,PM10,PM2.5"
1854,2022-01-29,251.0,"PM10,PM2.5"
1855,2022-01-30,278.0,"PM10,PM2.5"
1856,2022-01-31,338.0,"PM10,PM2.5"
1857,2022-02-01,347.0,"PM10,PM2.5"
1858,2022-02-02,319.0,"PM10,PM2.5"
1859,2022-02-03,321.0,"PM10,PM2.5"
1860,2022-02-04,152.0,"PM10,PM2.5"
1861,2022-02-05,224.0,"PM10,PM2.5"
1862,2022-02-06,285.0,"PM10,PM2.5"
1863,2022-02-07,250.0,"PM10,PM2.5"
1864,2022-02-08,270.0,"PM10,PM2.5"
1865,2022-02-09,227.0,"PM10,PM2.5"
1866,2022-02-10,172.0,"PM10,PM2.5"
1867,2022-02-11,184.0,"OZONE,PM10,PM2.5"
1868,2022-02-12,191.0,"OZONE,PM10,PM2.5"
1869,2022-02-13,253.0,"PM10,PM2.5"
1870,2022-02-14,239.0,"OZONE,PM10,PM2.5"
1871,2022-02-15,221.0,"NO2,OZONE,PM10"
1872,2022-02-16,272.0,"OZONE,PM10,PM2.5"
1873,2022-02-17,241.0,"PM10,PM2.5"
1874,2022-02-18,252.0,"PM10,PM2.5"
1875,2022-02-19,180.0,"NO2,OZONE,PM10"
1876,2022-02-20,173.0,"OZONE,PM10,PM2.5"
1877,2022-02-21,165.0,"OZONE,PM10,PM2.5"
1878,2022-02-22,252.0,"PM10,PM2.5"
1879,2022-02-23,211.0,"PM10,PM2.5"
1880,2022-02-24,307.0,"PM10,PM2.5"
1881,2022-02-25,286.0,"PM10,PM2.5"
1882,2022-02-26,102.0,"NO2,OZONE,PM10"
1883,2022-02-27,92.0,"CO,NO2,PM10"
1884,2022-02-28,107.0,"CO,OZONE,PM10"
1885,2022-03-01,170.0,"OZONE,PM10,PM2.5"
1886,2022-03-02,225.0,"OZONE,PM10,PM2.5"
1887,2022-03-03,178.0,"OZONE,PM10,PM2.5"
1888,2022-03-04,199.0,"PM10,PM2.5"
1889,2022-03-05,115.0,"OZONE,PM10,PM2.5"
1890,2022-03-06,162.0,"OZONE,PM10,PM2.5"
1891,2022-03-07,237.0,"OZONE,PM10,PM2.5"
1892,2022-03-08,283.0,"PM10,PM2.5"
1893,2022-03-09,162.0,"PM10,PM2.5"
1894,2022-03-10,150.0,"OZONE,PM10,PM2.5"
1895,2022-03-11,164.0,"PM10,PM2.5"
1896,2022-03-12,160.0,"OZONE,PM10,PM2.5"
1897,2022-03-13,193.0,"OZONE,PM10,PM2.5"
1898,2022-03-14,231.0,"OZONE,PM10,PM2.5"
1899,2022-03-15,253.0,"PM10,PM2.5"
1900,2022-03-16,218.0,"PM10,PM2.5"
1901,2022-03-17,218.0,"OZONE,PM10,PM2.5"
1902,2022-03-18,293.0,"PM10,PM2.5"
1903,2022-03-19,231.0,"OZONE,PM10,PM2.5"
1904,2022-03-20,242.0,"PM10,PM2.5"
1905,2022-03-21,271.0,"PM10,PM2.5"
1906,2022-03-22,180.0,"PM10,PM2.5"
1907,2022-03-23,206.0,"OZONE,PM10,PM2.5"
1908,2022-03-24,280.0,"PM10,PM2.5"
1909,2022-03-25,211.0,"PM10,PM2.5"
1910,2022-03-26,207.0,"PM10,PM2.5"
1911,2022-03-27,195.0,"PM10,PM2.5"
1912,2022-03-28,251.0,"PM10,PM2.5"
1913,2022-03-29,274.0,"PM10,PM2.5"
1914,2022-03-30,276.0,"NO2,OZONE,PM10"
1915,2022-03-31,298.0,"NO2,PM10,PM2.5"
1916,2022-04-01,218.0,"NO2,OZONE,PM10"
1917,2022-04-02,226.0,"NO2,OZONE,PM10"
1918,2022-04-03,245.0,"PM10,PM2.5"
1919,2022-04-04,262.0,"OZONE,PM10,PM2.5"
1920,2022-04-05,233.0,"OZONE,PM10,PM2.5"
1921,2022-04-06,248.0,"OZONE,PM10,PM2.5"
1922,2022-04-07,264.0,"PM10,PM2.5"
1923,2022-04-08,242.0,"OZONE,PM10,PM2.5"
1924,2022-04-09,261.0,"OZONE,PM10,PM2.5"
1925,2022-04-10,244.0,"PM10,PM2.5"
1926,2022-04-11,258.0,"PM10,PM2.5"
1927,2022-04-12,229.0,"OZONE,PM10,PM2.5"
1928,2022-04-13,286.0,"PM10,PM2.5"
1929,2022-04-14,280.0,"PM10,PM2.5"
1930,2022-04-15,201.0,"OZONE,PM10,PM2.5"
1931,2022-04-16,253.0,"OZONE,PM10,PM2.5"
1932,2022-04-17,251.0,"OZONE,PM10,PM2.5"
1933,2022-04-18,257.0,"PM10,PM2.5"
1934,2022-04-19,317.0,"PM10,PM2.5"
1935,2022-04-20,277.0,"PM10,PM2.5"
1936,2022-04-21,296.0,"PM10,PM2.5"
1937,2022-04-22,204.0,"OZONE,PM10,PM2.5"
1938,2022-04-23,245.0,"OZONE,PM10,PM2.5"
1939,2022-04-24,261.0,"OZONE,PM10,PM2.5"
1940,2022-04-25,244.0,"PM10,PM2.5"
1941,2022-04-26,209.0,"OZONE,PM10,PM2.5"
1942,2022-04-27,287.0,"OZONE,PM10,PM2.5"
1943,2022-04-28,295.0,"PM10,PM2.5"
1944,2022-04-29,299.0,"PM10,PM2.5"
1945,2022-04-30,270.0,"PM10,PM2.5"
1946,2022-05-01,256.0,"OZONE,PM10,PM2.5"
1947,2022-05-02,218.0,"PM10,PM2.5"
1948,2022-05-03,227.0,"OZONE,PM10,PM2.5"
1949,2022-05-04,269.0,"PM10,PM2.5"
1950,2022-05-05,146.0,"CO,OZONE,PM10"
1951,2022-05-06,273.0,"PM10,PM2.5"
1952,2022-05-07,206.0,"OZONE,PM10,PM2.5"
1953,2022-05-08,205.0,"OZONE,PM10,PM2.5"
1954,2022-05-09,171.0,"CO,OZONE,PM10"
1955,2022-05-10,160.0,"OZONE,PM10,PM2.5"
1956,2022-05-11,156.0,"OZONE,PM10,PM2.5"
1957,2022-05-12,164.0,"OZONE,PM10,PM2.5"
1958,2022-05-13,176.0,"OZONE,PM10,PM2.5"
1959,2022-05-14,270.0,"PM10,PM2.5"
1960,2022-05-15,242.0,"PM10,PM2.5"
1961,2022-05-16,297.0,"PM10,PM2.5"
1962,2022-05-17,239.0,"OZONE,PM10,PM2.5"
1963,2022-05-18,251.0,"OZONE,PM10,PM2.5"
1964,2022-05-19,202.0,"OZONE,PM10,PM2.5"
1965,2022-05-20,266.0,"PM10,PM2.5"
1966,2022-05-21,285.0,"PM10,PM2.5"
1967,2022-05-22,203.0,"OZONE,PM10,PM2.5"
1968,2022-05-23,136.0,"OZONE,PM10,PM2.5"
1969,2022-05-24,89.0,"CO,OZONE,PM10"
1970,2022-05-25,166.0,"OZONE,PM10,PM2.5"
1971,2022-05-26,199.0,"OZONE,PM10,PM2.5"
1972,2022-05-27,206.0,"PM10,PM2.5"
1973,2022-05-28,210.0,"PM10,PM2.5"
1974,2022-05-29,273.0,"OZONE,PM10,PM2.5"
1975,2022-05-30,201.0,"OZONE,PM10,PM2.5"
1976,2022-05-31,215.0,"OZONE,PM10,PM2.5"
1977,2022-06-01,322.0,"PM10,PM2.5"
1978,2022-06-02,202.0,"OZONE,PM10,PM2.5"
1979,2022-06-03,240.0,"PM10,PM2.5"
1980,2022-06-04,227.0,"OZONE,PM10,PM2.5"
1981,2022-06-05,215.0,"PM10,PM2.5"
1982,2022-06-06,195.0,"OZONE,PM10,PM2.5"
1983,2022-06-07,280.0,"PM10,PM2.5"
1984,2022-06-08,346.0,"PM10,PM2.5"
1985,2022-06-09,223.0,"PM10,PM2.5"
1986,2022-06-10,303.0,"PM10,PM2.5"
1987,2022-06-11,256.0,"PM10,PM2.5"
1988,2022-06-12,249.0,"PM10,PM2.5"
1989,2022-06-13,200.0,"PM10,PM2.5"
1990,2022-06-14,222.0,"PM10,PM2.5"
1991,2022-06-15,153.0,"PM10,PM2.5"
1992,2022-06-16,132.0,"OZONE,PM10,PM2.5"
1993,2022-06-17,88.0,"CO,NO2,OZONE"
1994,2022-06-18,79.0,"CO,NO2,OZONE"
1995,2022-06-19,99.0,"CO,OZONE,PM10"
1996,2022-06-20,124.0,"NO2,OZONE,PM10"
1997,2022-06-21,128.0,"CO,NO2,OZONE"
1998,2022-06-22,139.0,"CO,OZONE,PM10"
1999,2022-06-23,140.0,"OZONE,PM10,PM2.5"
2000,2022-06-24,197.0,"OZONE,PM10,PM2.5"
2001,2022-06-25,230.0,"OZONE,PM10,PM2.5"
2002,2022-06-26,169.0,"OZONE,PM10,PM2.5"
2003,2022-06-27,127.0,"CO,OZONE,PM10"
2004,2022-06-28,137.0,"OZONE,PM10,PM2.5"
2005,2022-06-29,163.0,"OZONE,PM10,PM2.5"
2006,2022-06-30,116.0,"CO,PM10,PM2.5"
2007,2022-07-01,76.0,"CO,OZONE,PM10"
2008,2022-07-02,95.0,"CO,OZONE,PM10"
2009,2022-07-03,76.0,"CO,NO2,OZONE"
2010,2022-07-04,113.0,"CO,PM10,PM2.5"
2011,2022-07-05,161.0,"PM10,PM2.5"
2012,2022-07-06,104.0,"CO,PM10,PM2.5"
2013,2022-07-07,100.0,"CO,PM10,PM2.5"
2014,2022-07-08,94.0,"CO,OZONE,PM10"
2015,2022-07-09,110.0,"CO,PM10,PM2.5"
2016,2022-07-10,71.0,"CO,NO2,OZONE"
2017,2022-07-11,95.0,"CO,OZONE,PM10"
2018,2022-07-12,100.0,"CO,NO2,OZONE"
2019,2022-07-13,79.0,PM10
2020,2022-07-14,87.0,"CO,OZONE,PM10"
2021,2022-07-15,79.0,"CO,OZONE,PM10"
2022,2022-07-16,81.0,"CO,OZONE,PM10"
2023,2022-07-17,61.0,"CO,NO2,OZONE"
2024,2022-07-18,92.0,"CO,OZONE,PM10"
2025,2022-07-19,105.0,"CO,PM10,PM2.5"
2026,2022-07-20,98.0,"CO,PM10,PM2.5"
2027,2022-07-21,70.0,"CO,NO2,OZONE"
2028,2022-07-22,140.0,"CO,NO2,PM10"
2029,2022-07-23,72.0,"CO,OZONE,PM10"
2030,2022-07-24,72.0,"CO,OZONE,PM10"
2031,2022-07-25,67.0,"CO,NO2,OZONE"
2032,2022-07-26,69.0,"CO,OZONE,PM10"
2033,2022-07-27,74.0,"CO,OZONE,PM10"
2034,2022-07-28,68.0,"CO,NO2,OZONE"
2035,2022-07-29,71.0,"CO,NO2,OZONE"
2036,2022-07-30,58.0,"CO,NO2,OZONE"
2037,2022-07-31,71.0,"CO,NO2,OZONE"
2038,2022-08-01,71.0,"CO,NO2,OZONE"
2039,2022-08-02,84.0,"CO,NO2,OZONE"
2040,2022-08-03,122.0,"CO,NO2,OZONE"
2041,2022-08-04,112.0,"CO,NO2,OZONE"
2042,2022-08-05,72.0,"CO,PM10,PM2.5"
2043,2022-08-06,98.0,"CO,NO2,OZONE"
2044,2022-08-07,118.0,"CO,PM10,PM2.5"
2045,2022-08-08,84.0,"CO,OZONE,PM10"
2046,2022-08-09,112.0,"CO,PM10,PM2.5"
2047,2022-08-10,102.0,"CO,NO2,OZONE"
2048,2022-08-11,75.0,"CO,NO2,PM10"
2049,2022-08-12,88.0,"CO,NO2,PM10"
2050,2022-08-13,80.0,"CO,OZONE,PM10"
2051,2022-08-14,84.0,"CO,OZONE,PM10"
2052,2022-08-15,62.0,"CO,NO2,OZONE"
2053,2022-08-16,63.0,"CO,NO2,OZONE"
2054,2022-08-17,60.0,"CO,NO2,OZONE"
2055,2022-08-18,72.0,"CO,OZONE,PM10"
2056,2022-08-19,71.0,"CO,OZONE,PM10"
2057,2022-08-20,80.0,"CO,PM10"
2058,2022-08-21,117.0,"PM10,PM2.5"
2059,2022-08-22,104.0,"CO,PM10,PM2.5"
2060,2022-08-23,83.0,"CO,NO2,PM10"
2061,2022-08-24,63.0,"CO,NO2,OZONE"
2062,2022-08-25,96.0,"CO,OZONE,PM10"
2063,2022-08-26,113.0,"CO,PM10"
2064,2022-08-27,105.0,"CO,OZONE,PM10"
2065,2022-08-28,119.0,"CO,OZONE,PM10"
2066,2022-08-29,144.0,"OZONE,PM10"
2067,2022-08-30,116.0,"CO,OZONE,PM10"
2068,2022-08-31,124.0,"CO,OZONE,PM10"
2069,2022-09-01,121.0,"CO,OZONE,PM10"
2070,2022-09-02,110.0,"CO,PM10,PM2.5"
2071,2022-09-03,119.0,"CO,OZONE,PM10"
2072,2022-09-04,115.0,"CO,OZONE,PM10"
2073,2022-09-05,102.0,"OZONE,PM10"
2074,2022-09-06,119.0,"CO,NO2,OZONE"
2075,2022-09-07,133.0,"CO,NO2,OZONE"
2076,2022-09-08,136.0,"CO,OZONE,PM10"
2077,2022-09-09,141.0,"CO,OZONE,PM10"
2078,2022-09-10,110.0,"CO,PM10,PM2.5"
2079,2022-09-11,85.0,"CO,OZONE,PM10"
2080,2022-09-12,84.0,"CO,OZONE,PM10"
2081,2022-09-13,72.0,"CO,NO2,OZONE"
2082,2022-09-14,71.0,"CO,NO2,OZONE"
2083,2022-09-15,57.0,"CO,NO2,OZONE"
2084,2022-09-16,47.0,"CO,NO2,OZONE"
2085,2022-09-17,70.0,"CO,OZONE,PM10"
2086,2022-09-18,119.0,"NO2,OZONE,PM10"
2087,2022-09-19,182.0,"PM10,PM2.5"
2088,2022-09-20,130.0,"OZONE,PM10,PM2.5"
2089,2022-09-21,109.0,"CO,NO2,PM10"
2090,2022-09-22,66.0,"CO,NO2,OZONE"
2091,2022-09-23,57.0,"CO,NO2,PM10"
2092,2022-09-24,54.0,"CO,NO2,OZONE"
2093,2022-09-25,52.0,"CO,NO2,OZONE"
2094,2022-09-26,100.0,"CO,PM10,PM2.5"
2095,2022-09-27,108.0,"CO,PM10,PM2.5"
2096,2022-09-28,140.0,"CO,NO2,OZONE"
2097,2022-09-29,151.0,"PM10,PM2.5"
2098,2022-09-30,173.0,"PM10,PM2.5"
2099,2022-10-01,186.0,"OZONE,PM10,PM2.5"
2100,2022-10-02,181.0,"OZONE,PM10,PM2.5"
2101,2022-10-03,128.0,"CO,OZONE,PM10"
2102,2022-10-04,150.0,"CO,OZONE,PM10"
2103,2022-10-05,211.0,"PM10,PM2.5"
2104,2022-10-06,79.0,"CO,NO2,PM10"
2105,2022-10-07,55.0,"CO,NO2,OZONE"
2106,2022-10-08,56.0,"CO,NO2,OZONE"
2107,2022-10-09,48.0,"CO,NO2,OZONE"
2108,2022-10-10,44.0,"CO,NO2,OZONE"
2109,2022-10-11,66.0,"CO,NO2,OZONE"
2110,2022-10-12,143.0,"CO,OZONE,PM10"
2111,2022-10-13,130.0,"CO,PM10,PM2.5"
2112,2022-10-14,154.0,"CO,NO2,OZONE"
2113,2022-10-15,186.0,"OZONE,PM10,PM2.5"
2114,2022-10-16,232.0,"PM10,PM2.5"
2115,2022-10-17,237.0,"PM10,PM2.5"
2116,2022-10-18,241.0,"OZONE,PM10,PM2.5"
2117,2022-10-19,234.0,"CO,OZONE,PM10"
2118,2022-10-20,232.0,"OZONE,PM10,PM2.5"
2119,2022-10-21,262.0,"PM10,PM2.5"
2120,2022-10-22,265.0,"PM10,PM2.5"
2121,2022-10-23,259.0,"OZONE,PM10,PM2.5"
2122,2022-10-24,312.0,"OZONE,PM10,PM2.5"
2123,2022-10-25,302.0,"PM10,PM2.5"
2124,2022-10-26,271.0,"OZONE,PM10,PM2.5"
2125,2022-10-27,354.0,"PM10,PM2.5"
2126,2022-10-28,357.0,"PM10,PM2.5"
2127,2022-10-29,397.0,"PM10,PM2.5"
2128,2022-10-30,352.0,"PM10,PM2.5"
2129,2022-10-31,392.0,"PM10,PM2.5"
2130,2022-11-01,424.0,"PM10,PM2.5"
2131,2022-11-02,376.0,"PM10,PM2.5"
2132,2022-11-03,450.0,"PM10,PM2.5"
2133,2022-11-04,447.0,"PM10,PM2.5"
2134,2022-11-05,381.0,"PM10,PM2.5"
2135,2022-11-06,339.0,"PM10,PM2.5"
2136,2022-11-07,354.0,"PM10,PM2.5"
2137,2022-11-08,372.0,"PM10,PM2.5"
2138,2022-11-09,260.0,"PM10,PM2.5"
2139,2022-11-10,295.0,"PM10,PM2.5"
2140,2022-11-11,346.0,"PM10,PM2.5"
2141,2022-11-12,303.0,"PM10,PM2.5"
2142,2022-11-13,303.0,"PM10,PM2.5"
2143,2022-11-14,294.0,"PM10,PM2.5"
2144,2022-11-15,227.0,"OZONE,PM10,PM2.5"
2145,2022-11-16,264.0,"PM10,PM2.5"
2146,2022-11-17,260.0,"PM10,PM2.5"
2147,2022-11-18,289.0,"PM10,PM2.5"
2148,2022-11-19,280.0,"PM10,PM2.5"
2149,2022-11-20,314.0,"PM10,PM2.5"
2150,2022-11-21,310.0,"PM10,PM2.5"
2151,2022-11-22,255.0,"OZONE,PM10,PM2.5"
2152,2022-11-23,237.0,"PM10,PM2.5"
2153,2022-11-24,213.0,"PM10,PM2.5"
2154,2022-11-25,294.0,"NO2,PM10,PM2.5"
2155,2022-11-26,336.0,"PM10,PM2.5"
2156,2022-11-27,328.0,"PM10,PM2.5"
2157,2022-11-28,333.0,"PM10,PM2.5"
2158,2022-11-29,369.0,"PM10,PM2.5"
2159,2022-11-30,365.0,"PM10,PM2.5"
2160,2022-12-01,368.0,"PM10,PM2.5"
2161,2022-12-02,352.0,"PM10,PM2.5"
2162,2022-12-03,370.0,"PM10,PM2.5"
2163,2022-12-04,407.0,"PM10,PM2.5"
2164,2022-12-05,347.0,"PM10,PM2.5"
2165,2022-12-06,353.0,"PM10,PM2.5"
2166,2022-12-07,304.0,"PM10,PM2.5"
2167,2022-12-08,281.0,"PM10,PM2.5"
2168,2022-12-09,314.0,"PM10,PM2.5"
2169,2022-12-10,360.0,"PM10,PM2.5"
2170,2022-12-11,306.0,"PM10,PM2.5"
2171,2022-12-12,218.0,"PM10,PM2.5"
2172,2022-12-13,177.0,"CO,PM10,PM2.5"
2173,2022-12-14,163.0,"PM10,PM2.5"
2174,2022-12-15,189.0,"PM10,PM2.5"
2175,2022-12-16,223.0,"PM10,PM2.5"
2176,2022-12-17,304.0,"PM10,PM2.5"
2177,2022-12-18,353.0,"PM10,PM2.5"
2178,2022-12-19,410.0,"PM10,PM2.5"
2179,2022-12-20,366.0,"PM10,PM2.5"
2180,2022-12-21,328.0,"PM10,PM2.5"
2181,2022-12-22,342.0,"PM10,PM2.5"
2182,2022-12-23,359.0,"PM10,PM2.5"
2183,2022-12-24,349.0,"PM10,PM2.5"
2184,2022-12-25,308.0,"PM10,PM2.5"
2185,2022-12-26,331.0,"PM10,PM2.5"
2186,2022-12-27,339.0,"PM10,PM2.5"
2187,2022-12-28,321.0,"PM10,PM2.5"
2188,2022-12-29,306.0,"PM10,PM2.5"
2189,2022-12-30,399.0,"PM10,PM2.5"
2190,2022-12-31,349.0,"PM10,PM2.5"
2191,2023-01-01,259.0,PM2.5
2192,2023-01-02,357.0,PM2.5
2193,2023-01-03,385.0,"PM10,PM2.5"
2194,2023-01-04,343.0,"PM10,PM2.5"
2195,2023-01-05,340.0,PM2.5
2196,2023-01-06,400.0,"PM10,PM2.5"
2197,2023-01-07,377.0,"PM10,PM2.5"
2198,2023-01-08,375.0,"PM10,PM2.5"
2199,2023-01-09,434.0,"PM10,PM2.5"
2200,2023-01-10,407.0,PM2.5
2201,2023-01-11,308.0,"PM10,PM2.5"
2202,2023-01-12,371.0,"PM10,PM2.5"
2203,2023-01-13,378.0,PM2.5
2204,2023-01-14,353.0,PM2.5
2205,2023-01-15,213.0,"PM10,PM2.5"
2206,2023-01-16,270.0,"PM10,PM2.5"
2207,2023-01-17,288.0,"PM10,PM2.5"
2208,2023-01-18,306.0,"PM10,PM2.5"
2209,2023-01-19,338.0,"PM10,PM2.5"
2210,2023-01-20,226.0,"PM10,PM2.5"
2211,2023-01-21,294.0,PM2.5
2212,2023-01-22,407.0,"PM10,PM2.5"
2213,2023-01-23,335.0,"PM10,PM2.5"
2214,2023-01-24,237.0,"PM10,PM2.5"
2215,2023-01-25,160.0,"CO,NO2,PM10"
2216,2023-01-26,298.0,"PM10,PM2.5"
2217,2023-01-27,229.0,"PM10,PM2.5"
2218,2023-01-28,236.0,"PM10,PM2.5"
2219,2023-01-29,331.0,"PM10,PM2.5"
2220,2023-01-30,207.0,"PM10,PM2.5"
2221,2023-01-31,192.0,"PM10,PM2.5"
2222,2023-02-01,164.0,"CO,PM10,PM2.5"
2223,2023-02-02,194.0,"PM10,PM2.5"
2224,2023-02-03,199.0,"OZONE,PM10,PM2.5"
2225,2023-02-04,242.0,"PM10,PM2.5"
2226,2023-02-05,244.0,"PM10,PM2.5"
2227,2023-02-06,265.0,"PM10,PM2.5"
2228,2023-02-07,285.0,"PM10,PM2.5"
2229,2023-02-08,144.0,"PM10,PM2.5"
2230,2023-02-09,212.0,"OZONE,PM10,PM2.5"
2231,2023-02-10,187.0,"PM10,PM2.5"
2232,2023-02-11,275.0,"PM10,PM2.5"
2233,2023-02-12,175.0,"PM10,PM2.5"
2234,2023-02-13,135.0,"PM10,PM2.5"
2235,2023-02-14,132.0,"NO2,PM10,PM2.5"
2236,2023-02-15,190.0,"NO2,PM10,PM2.5"
2237,2023-02-16,270.0,"OZONE,PM10,PM2.5"
2238,2023-02-17,367.0,"PM10,PM2.5"
2239,2023-02-18,371.0,"PM10,PM2.5"
2240,2023-02-19,331.0,"PM10,PM2.5"
2241,2023-02-20,324.0,"PM10,PM2.5"
2242,2023-02-21,245.0,"OZONE,PM10,PM2.5"
2243,2023-02-22,302.0,"PM10,PM2.5"
2244,2023-02-23,227.0,"PM10,PM2.5"
2245,2023-02-24,171.0,"OZONE,PM10,PM2.5"
2246,2023-02-25,225.0,"PM10,PM2.5"
2247,2023-02-26,291.0,"PM10,PM2.5"
2248,2023-02-27,260.0,"PM10,PM2.5"
2249,2023-02-28,219.0,"PM10,PM2.5"
2250,2023-03-01,181.0,"PM10,PM2.5"
2251,2023-03-02,226.0,"PM10,PM2.5"
2252,2023-03-03,152.0,"PM10,PM2.5"
2253,2023-03-04,129.0,"CO,PM10,PM2.5"
2254,2023-03-05,142.0,"CO,PM10,PM2.5"
2255,2023-03-06,142.0,"CO,PM10,PM2.5"
2256,2023-03-07,173.0,"OZONE,PM10,PM2.5"
2257,2023-03-08,215.0,"PM10,PM2.5"
2258,2023-03-09,119.0,"CO,OZONE,PM10"
2259,2023-03-10,187.0,"PM10,PM2.5"
2260,2023-03-11,200.0,"OZONE,PM10,PM2.5"
2261,2023-03-12,216.0,"OZONE,PM10,PM2.5"
2262,2023-03-13,231.0,"PM10,PM2.5"
2263,2023-03-14,219.0,"CO,OZONE,PM10"
2264,2023-03-15,213.0,"OZONE,PM10,PM2.5"
2265,2023-03-16,259.0,"PM10,PM2.5"
2266,2023-03-17,188.0,"OZONE,PM10,PM2.5"
2267,2023-03-18,184.0,"PM10,PM2.5"
2268,2023-03-19,162.0,"CO,PM10,PM2.5"
2269,2023-03-20,154.0,"CO,PM10,PM2.5"
2270,2023-03-21,75.0,"CO,NO2,OZONE"
2271,2023-03-22,164.0,"OZONE,PM10,PM2.5"
2272,2023-03-23,151.0,"OZONE,PM10,PM2.5"
2273,2023-03-24,205.0,"PM10,PM2.5"
2274,2023-03-25,78.0,"CO,NO2,OZONE"
2275,2023-03-26,164.0,"OZONE,PM10,PM2.5"
2276,2023-03-27,146.0,"CO,OZONE,PM10"
2277,2023-03-28,147.0,"OZONE,PM10,PM2.5"
2278,2023-03-29,198.0,"OZONE,PM10,PM2.5"
2279,2023-03-30,170.0,"OZONE,PM10,PM2.5"
2280,2023-03-31,73.0,"CO,NO2,OZONE"
2281,2023-04-01,106.0,"CO,NO2,OZONE"
2282,2023-04-02,128.0,"CO,NO2,PM10"
2283,2023-04-03,179.0,"CO,OZONE,PM10"
2284,2023-04-04,109.0,"NO2,OZONE,PM10"
2285,2023-04-05,135.0,"NO2,OZONE,PM10"
2286,2023-04-06,142.0,"CO,NO2,PM10"
2287,2023-04-07,142.0,"CO,NO2,PM10"
2288,2023-04-08,172.0,"OZONE,PM10,PM2.5"
2289,2023-04-09,217.0,"NO2,PM10,PM2.5"
2290,2023-04-10,195.0,"NO2,OZONE,PM10"
2291,2023-04-11,260.0,"PM10,PM2.5"
2292,2023-04-12,213.0,"PM10,PM2.5"
2293,2023-04-13,211.0,"OZONE,PM10,PM2.5"
2294,2023-04-14,249.0,"PM10,PM2.5"
2295,2023-04-15,235.0,"NO2,OZONE,PM10"
2296,2023-04-16,229.0,"NO2,PM10,PM2.5"
2297,2023-04-17,206.0,"CO,NO2,OZONE"
2298,2023-04-18,235.0,"NO2,PM10,PM2.5"
2299,2023-04-19,236.0,"OZONE,PM10,PM2.5"
2300,2023-04-20,159.0,"CO,PM10,PM2.5"
2301,2023-04-21,129.0,"NO2,OZONE,PM10"
2302,2023-04-22,141.0,"NO2,OZONE,PM10"
2303,2023-04-23,118.0,"CO,NO2,OZONE"
2304,2023-04-24,160.0,"NO2,OZONE,PM10"
2305,2023-04-25,156.0,"NO2,OZONE,PM10"
2306,2023-04-26,210.0,"NO2,OZONE,PM10"
2307,2023-04-27,219.0,"OZONE,PM10,PM2.5"
2308,2023-04-28,150.0,"CO,OZONE,PM10"
2309,2023-04-29,216.0,"PM10,PM2.5"
2310,2023-04-30,132.0,"CO,NO2,OZONE"
2311,2023-05-01,91.0,"CO,NO2,PM10"
2312,2023-05-02,76.0,"CO,NO2,PM10"
2313,2023-05-03,107.0,"CO,PM10,PM2.5"
2314,2023-05-04,113.0,"CO,NO2,OZONE"
2315,2023-05-05,183.0,"OZONE,PM10,PM2.5"
2316,2023-05-06,234.0,"PM10,PM2.5"
2317,2023-05-07,173.0,"OZONE,PM10,PM2.5"
2318,2023-05-08,131.0,"NO2,OZONE,PM10"
2319,2023-05-09,197.0,"NO2,OZONE,PM10"
2320,2023-05-10,203.0,"OZONE,PM10,PM2.5"
2321,2023-05-11,274.0,"OZONE,PM10,PM2.5"
2322,2023-05-12,227.0,"NO2,OZONE,PM10"
2323,2023-05-13,235.0,"OZONE,PM10,PM2.5"
2324,2023-05-14,259.0,"PM10,PM2.5"
2325,2023-05-15,162.0,"CO,OZONE,PM10"
2326,2023-05-16,259.0,"PM10,PM2.5"
2327,2023-05-17,336.0,"PM10,PM2.5"
2328,2023-05-18,149.0,"CO,OZONE,PM10"
2329,2023-05-19,152.0,"CO,OZONE,PM10"
2330,2023-05-20,186.0,"CO,OZONE,PM10"
2331,2023-05-21,215.0,"OZONE,PM10,PM2.5"
2332,2023-05-22,199.0,"CO,PM10,PM2.5"
2333,2023-05-23,198.0,"CO,PM10,PM2.5"
2334,2023-05-24,158.0,"CO,NO2,PM10"
2335,2023-05-25,106.0,"CO,NO2,OZONE"
2336,2023-05-26,98.0,"CO,NO2,OZONE"
2337,2023-05-27,110.0,"CO,NO2,OZONE"
2338,2023-05-28,134.0,"CO,OZONE,PM10"
2339,2023-05-29,136.0,"CO,OZONE,PM10"
2340,2023-05-30,115.0,"CO,NO2,OZONE"
2341,2023-05-31,85.0,"CO,NO2,OZONE"
2342,2023-06-01,96.0,"CO,NO2,PM10"
2343,2023-06-02,120.0,"CO,OZONE,PM10"
2344,2023-06-03,121.0,"CO,OZONE,PM10"
2345,2023-06-04,171.0,"OZONE,PM10,PM2.5"
2346,2023-06-05,166.0,"CO,OZONE,PM10"
2347,2023-06-06,139.0,"CO,OZONE,PM10"
2348,2023-06-07,239.0,"PM10,PM2.5"
2349,2023-06-08,161.0,"NO2,OZONE,PM10"
2350,2023-06-09,152.0,"NO2,OZONE,PM10"
2351,2023-06-10,134.0,"CO,NO2,PM10"
2352,2023-06-11,130.0,"CO,NO2,OZONE"
2353,2023-06-12,169.0,"NO2,PM10,PM2.5"
2354,2023-06-13,205.0,"NO2,PM10"
2355,2023-06-14,213.0,"CO,NO2,PM10"
2356,2023-06-15,154.0,"CO,NO2,PM10"
2357,2023-06-16,119.0,"CO,NO2,PM10"
2358,2023-06-17,119.0,"CO,NO2,OZONE"
2359,2023-06-18,90.0,"PM10,PM2.5"
2360,2023-06-19,75.0,"CO,NO2,PM10"
2361,2023-06-20,104.0,"CO,OZONE,PM10"
2362,2023-06-21,91.0,"CO,OZONE,PM10"
2363,2023-06-22,110.0,"PM10,PM2.5"
2364,2023-06-23,132.0,"PM10,PM2.5"
2365,2023-06-24,169.0,"OZONE,PM10,PM2.5"
2366,2023-06-25,71.0,"CO,PM10,PM2.5"
2367,2023-06-26,93.0,"CO,OZONE,PM10"
2368,2023-06-27,86.0,"CO,PM10,PM2.5"
2369,2023-06-28,93.0,"CO,PM10,PM2.5"
2370,2023-06-29,101.0,"CO,NO2,PM10"
2371,2023-06-30,70.0,"CO,NO2,OZONE"
2372,2023-07-01,69.0,"CO,NO2,OZONE"
2373,2023-07-02,71.0,"CO,NO2,OZONE"
2374,2023-07-03,118.0,"CO,NO2,OZONE"
2375,2023-07-04,144.0,"CO,NO2,OZONE"
2376,2023-07-05,96.0,"CO,NO2,PM10"
2377,2023-07-06,72.0,"CO,NO2,PM10"
2378,2023-07-07,77.0,"CO,OZONE,PM10"
2379,2023-07-08,71.0,"CO,NO2,OZONE"
2380,2023-07-09,64.0,"CO,NO2,PM10"
2381,2023-07-10,65.0,"CO,NO2,OZONE"
2382,2023-07-11,69.0,"CO,NO2,OZONE"
2383,2023-07-12,77.0,"CO,PM10,PM2.5"
2384,2023-07-13,77.0,"CO,OZONE,PM10"
2385,2023-07-14,73.0,"CO,OZONE,PM10"
2386,2023-07-15,100.0,PM10
2387,2023-07-16,69.0,"CO,OZONE,PM10"
2388,2023-07-17,85.0,"CO,PM10"
2389,2023-07-18,113.0,"CO,OZONE,PM10"
2390,2023-07-19,77.0,"CO,OZONE,PM10"
2391,2023-07-20,93.0,"CO,OZONE,PM10"
2392,2023-07-21,109.0,"CO,PM10,PM2.5"
2393,2023-07-22,96.0,"CO,PM10,PM2.5"
2394,2023-07-23,73.0,"CO,NO2,OZONE"
2395,2023-07-24,77.0,"CO,OZONE,PM10"
2396,2023-07-25,102.0,"CO,OZONE,PM10"
2397,2023-07-26,73.0,"CO,NO2,OZONE"
2398,2023-07-27,92.0,"CO,NO2,OZONE"
2399,2023-07-28,81.0,"CO,OZONE,PM10"
2400,2023-07-29,59.0,"CO,NH3,NO2"
2401,2023-07-30,65.0,"CO,NO2,OZONE"
2402,2023-07-31,89.0,"CO,OZONE,PM10"
2403,2023-08-01,92.0,"CO,OZONE,PM10"
2404,2023-08-02,91.0,"CO,OZONE,PM10"
2405,2023-08-03,75.0,"CO,OZONE,PM10"
2406,2023-08-04,105.0,"CO,OZONE,PM10"
2407,2023-08-05,85.0,"CO,NO2,OZONE"
2408,2023-08-06,101.0,"CO,OZONE,PM10"
2409,2023-08-07,102.0,"CO,PM10"
2410,2023-08-08,110.0,"CO,PM10"
2411,2023-08-09,118.0,"CO,PM10,PM2.5"
2412,2023-08-10,133.0,"PM10,PM2.5"
2413,2023-08-11,123.0,"CO,PM10,PM2.5"
2414,2023-08-12,126.0,"CO,PM10,PM2.5"
2415,2023-08-13,105.0,"CO,NO2,PM10"
2416,2023-08-14,114.0,"CO,NO2,PM10"
2417,2023-08-15,108.0,"CO,PM10,PM2.5"
2418,2023-08-16,109.0,"CO,NO2,PM10"
2419,2023-08-17,131.0,"PM10,PM2.5"
2420,2023-08-18,153.0,"PM10,PM2.5"
2421,2023-08-19,125.0,"CO,PM10,PM2.5"
2422,2023-08-20,91.0,"CO,PM10,PM2.5"
2423,2023-08-21,91.0,"CO,OZONE,PM10"
2424,2023-08-22,106.0,"CO,NO2,PM10"
2425,2023-08-23,71.0,"CO,NO2,PM10"
2426,2023-08-24,85.0,"CO,NO2,PM10"
2427,2023-08-25,117.0,"PM10,PM2.5"
2428,2023-08-26,152.0,"PM10,PM2.5"
2429,2023-08-27,186.0,"PM10,PM2.5"
2430,2023-08-28,144.0,"PM10,PM2.5"
2431,2023-08-29,162.0,"PM10,PM2.5"
2432,2023-08-30,154.0,"PM10,PM2.5"
2433,2023-08-31,146.0,"PM10,PM2.5"
2434,2023-09-01,140.0,"PM10,PM2.5"
2435,2023-09-02,136.0,"PM10,PM2.5"
2436,2023-09-03,136.0,"PM10,PM2.5"
2437,2023-09-04,136.0,"PM10,PM2.5"
2438,2023-09-05,121.0,"CO,OZONE,PM10"
2439,2023-09-06,106.0,"CO,NO2,PM10"
2440,2023-09-07,105.0,"CO,OZONE,PM10"
2441,2023-09-08,84.0,"CO,NO2,OZONE"
2442,2023-09-09,55.0,"CO,NO2,OZONE"
2443,2023-09-10,46.0,"CO,NO2,OZONE"
2444,2023-09-11,54.0,"CO,NO2,OZONE"
2445,2023-09-12,90.0,"CO,NO2,OZONE"
2446,2023-09-13,106.0,"CO,NO2,OZONE"
2447,2023-09-14,121.0,"CO,PM10,PM2.5"
2448,2023-09-15,100.0,"CO,PM10,PM2.5"
2449,2023-09-16,85.0,"CO,OZONE,PM10"
2450,2023-09-17,63.0,"CO,NO2,OZONE"
2451,2023-09-18,63.0,"CO,OZONE,PM10"
2452,2023-09-19,73.0,"CO,OZONE,PM10"
2453,2023-09-20,97.0,"CO,OZONE,PM10"
2454,2023-09-21,113.0,"CO,PM10,PM2.5"
2455,2023-09-22,102.0,"CO,OZONE,PM10"
2456,2023-09-23,108.0,"CO,PM10,PM2.5"
2457,2023-09-24,131.0,"CO,PM10,PM2.5"
2458,2023-09-25,118.0,"CO,OZONE,PM10"
2459,2023-09-26,152.0,"CO,PM10,PM2.5"
2460,2023-09-27,129.0,"CO,PM10,PM2.5"
2461,2023-09-28,139.0,"CO,OZONE,PM10"
2462,2023-09-29,157.0,"CO,OZONE,PM10"
2463,2023-09-30,166.0,"OZONE,PM10,PM2.5"
2464,2023-10-01,146.0,"CO,OZONE,PM10"
2465,2023-10-02,144.0,"CO,PM10,PM2.5"
2466,2023-10-03,154.0,"CO,PM10,PM2.5"
2467,2023-10-04,176.0,"PM10,PM2.5"
2468,2023-10-05,177.0,"OZONE,PM10,PM2.5"
2469,2023-10-06,211.0,"PM10,PM2.5"
2470,2023-10-07,215.0,"PM10,PM2.5"
2471,2023-10-08,164.0,"CO,PM10,PM2.5"
2472,2023-10-09,174.0,"PM10,PM2.5"
2473,2023-10-10,179.0,"PM10,PM2.5"
2474,2023-10-11,191.0,"PM10,PM2.5"
2475,2023-10-12,218.0,"PM10,PM2.5"
2476,2023-10-13,255.0,"NO2,PM10,PM2.5"
2477,2023-10-14,256.0,"NO2,PM10,PM2.5"
2478,2023-10-15,232.0,"NO2,OZONE,PM10"
2479,2023-10-16,206.0,"NO2,PM10,PM2.5"
2480,2023-10-17,87.0,"CO,PM10,PM2.5"
2481,2023-10-18,125.0,"CO,PM10,PM2.5"
2482,2023-10-19,118.0,"CO,OZONE,PM10"
2483,2023-10-20,195.0,"OZONE,PM10,PM2.5"
2484,2023-10-21,246.0,"OZONE,PM10,PM2.5"
2485,2023-10-22,311.0,"PM10,PM2.5"
2486,2023-10-23,263.0,"PM10,PM2.5"
2487,2023-10-24,220.0,"CO,PM10,PM2.5"
2488,2023-10-25,243.0,"CO,PM10,PM2.5"
2489,2023-10-26,256.0,"PM10,PM2.5"
2490,2023-10-27,259.0,"PM10,PM2.5"
2491,2023-10-28,303.0,"PM10,PM2.5"
2492,2023-10-29,324.0,"OZONE,PM10,PM2.5"
2493,2023-10-30,346.0,"PM10,PM2.5"
2494,2023-10-31,357.0,"PM10,PM2.5"
2495,2023-11-01,364.0,"PM10,PM2.5"
2496,2023-11-02,392.0,"PM10,PM2.5"
2497,2023-11-03,468.0,"PM10,PM2.5"
2498,2023-11-04,415.0,"PM10,PM2.5"
2499,2023-11-05,453.0,"PM10,PM2.5"
2500,2023-11-06,421.0,"PM10,PM2.5"
2501,2023-11-07,395.0,"PM10,PM2.5"
2502,2023-11-08,426.0,"PM10,PM2.5"
2503,2023-11-09,437.0,"PM10,PM2.5"
2504,2023-11-10,278.0,"PM10,PM2.5"
2505,2023-11-11,220.0,"PM10,PM2.5"
2506,2023-11-12,218.0,"PM10,PM2.5"
2507,2023-11-13,358.0,"PM10,PM2.5"
2508,2023-11-14,396.0,"PM10,PM2.5"
2509,2023-11-15,398.0,"PM10,PM2.5"
2510,2023-11-16,418.0,"PM10,PM2.5"
2511,2023-11-17,404.0,"PM10,PM2.5"
2512,2023-11-18,318.0,"PM10,PM2.5"
2513,2023-11-19,301.0,"PM10,PM2.5"
2514,2023-11-20,348.0,"PM10,PM2.5"
2515,2023-11-21,372.0,"PM10,PM2.5"
2516,2023-11-22,395.0,"PM10,PM2.5"
2517,2023-11-23,390.0,"PM10,PM2.5"
2518,2023-11-24,415.0,"PM10,PM2.5"
2519,2023-11-25,388.0,"PM10,PM2.5"
2520,2023-11-26,397.0,"PM10,PM2.5"
2521,2023-11-27,395.0,"PM10,PM2.5"
2522,2023-11-28,311.0,"PM10,PM2.5"
2523,2023-11-29,289.0,"PM10,PM2.5"
2524,2023-11-30,398.0,"PM10,PM2.5"
2525,2023-12-01,372.0,"PM10,PM2.5"
2526,2023-12-02,352.0,"PM10,PM2.5"
2527,2023-12-03,313.0,"PM10,PM2.5"
2528,2023-12-04,310.0,"PM10,PM2.5"
2529,2023-12-05,297.0,"PM10,PM2.5"
2530,2023-12-06,285.0,"PM10,PM2.5"
2531,2023-12-07,320.0,"PM10,PM2.5"
2532,2023-12-08,325.0,"PM10,PM2.5"
2533,2023-12-09,322.0,PM2.5
2534,2023-12-10,314.0,"PM10,PM2.5"
2535,2023-12-11,317.0,"PM10,PM2.5"
2536,2023-12-12,355.0,"PM10,PM2.5"
2537,2023-12-13,378.0,"PM10,PM2.5"
2538,2023-12-14,326.0,"PM10,PM2.5"
2539,2023-12-15,323.0,"PM10,PM2.5"
2540,2023-12-16,355.0,"PM10,PM2.5"
2541,2023-12-17,331.0,"PM10,PM2.5"
2542,2023-12-18,330.0,"PM10,PM2.5"
2543,2023-12-19,286.0,"PM10,PM2.5"
2544,2023-12-20,285.0,"PM10,PM2.5"
2545,2023-12-21,361.0,"PM10,PM2.5"
2546,2023-12-22,409.0,"PM10,PM2.5"
2547,2023-12-23,449.0,"PM10,PM2.5"
2548,2023-12-24,411.0,"PM10,PM2.5"
2549,2023-12-25,383.0,"PM10,PM2.5"
2550,2023-12-26,377.0,"PM10,PM2.5"
2551,2023-12-27,380.0,"PM10,PM2.5"
2552,2023-12-28,358.0,"PM10,PM2.5"
2553,2023-12-29,381.0,"PM10,PM2.5"
2554,2023-12-30,400.0,"PM10,PM2.5"
2555,2023-12-31,382.0,"PM10,PM2.5"
2556,2024-01-01,346.0,"PM10,PM2.5"
2557,2024-01-02,340.0,"PM10,PM2.5"
2558,2024-01-03,341.0,"PM10,PM2.5"
2559,2024-01-04,377.0,"PM10,PM2.5"
2560,2024-01-05,333.0,"PM10,PM2.5"
2561,2024-01-06,319.0,"PM10,PM2.5"
2562,2024-01-07,333.0,"PM10,PM2.5"
2563,2024-01-08,345.0,"PM10,PM2.5"
2564,2024-01-09,343.0,"PM10,PM2.5"
2565,2024-01-10,273.0,"PM10,PM2.5"
2566,2024-01-11,348.0,"PM10,PM2.5"
2567,2024-01-12,340.0,"PM10,PM2.5"
2568,2024-01-13,398.0,"PM10,PM2.5"
2569,2024-01-14,447.0,"PM10,PM2.5"
2570,2024-01-15,359.0,"PM10,PM2.5"
2571,2024-01-16,371.0,"PM10,PM2.5"
2572,2024-01-17,368.0,"NO2,PM10,PM2.5"
2573,2024-01-18,318.0,"PM10,PM2.5"
2574,2024-01-19,348.0,"PM10,PM2.5"
2575,2024-01-20,329.0,"PM10,PM2.5"
2576,2024-01-21,349.0,"PM10,PM2.5"
2577,2024-01-22,333.0,"PM10,PM2.5"
2578,2024-01-23,368.0,"PM10,PM2.5"
2579,2024-01-24,409.0,"PM10,PM2.5"
2580,2024-01-25,332.0,"PM10,PM2.5"
2581,2024-01-26,408.0,"PM10,PM2.5"
2582,2024-01-27,356.0,"PM10,PM2.5"
2583,2024-01-28,365.0,"PM10,PM2.5"
2584,2024-01-29,356.0,"PM10,PM2.5"
2585,2024-01-30,357.0,"PM10,PM2.5"
2586,2024-01-31,391.0,"PM10,PM2.5"
2587,2024-02-01,176.0,"NO2,PM10,PM2.5"
2588,2024-02-02,215.0,"PM10,PM2.5"
2589,2024-02-03,199.0,"NO2,PM10,PM2.5"
2590,2024-02-04,274.0,"NO2,PM10,PM2.5"
2591,2024-02-05,177.0,"NO2,PM10,PM2.5"
2592,2024-02-06,140.0,"NO2,PM10,PM2.5"
2593,2024-02-07,174.0,"NO2,PM10,PM2.5"
2594,2024-02-08,161.0,"NO2,PM10,PM2.5"
2595,2024-02-09,146.0,"NO2,OZONE,PM10"
2596,2024-02-10,295.0,"NO2,PM10,PM2.5"
2597,2024-02-11,313.0,"NO2,PM10,PM2.5"
2598,2024-02-12,300.0,"NO2,PM10,PM2.5"
2599,2024-02-13,341.0,"NO2,PM10,PM2.5"
2600,2024-02-14,340.0,"NO2,PM10,PM2.5"
2601,2024-02-15,278.0,"NO2,PM10,PM2.5"
2602,2024-02-16,268.0,"NO2,PM10,PM2.5"
2603,2024-02-17,245.0,"NO2,PM10,PM2.5"
2604,2024-02-18,270.0,"NO2,OZONE,PM10"
2605,2024-02-19,231.0,"NO2,PM10,PM2.5"
2606,2024-02-20,226.0,"NO2,OZONE,PM10"
2607,2024-02-21,243.0,"NO2,PM10,PM2.5"
2608,2024-02-22,150.0,"NO2,OZONE,PM10"
2609,2024-02-23,143.0,"NO2,OZONE,PM10"
2610,2024-02-24,193.0,"NO2,OZONE,PM10"
2611,2024-02-25,193.0,"NO2,PM10,PM2.5"
2612,2024-02-26,172.0,"NO2,OZONE,PM10"
2613,2024-02-27,159.0,"PM10,PM2.5"
2614,2024-02-28,141.0,"CO,NO2,OZONE"
2615,2024-02-29,147.0,"CO,NO2,OZONE"
2616,2024-03-01,208.0,"CO,NO2,OZONE"
2617,2024-03-02,117.0,"NO2,PM10,PM2.5"
2618,2024-03-03,126.0,"NO2,OZONE,PM10"
2619,2024-03-04,141.0,"CO,NO2,OZONE"
2620,2024-03-05,125.0,"CO,NO2,OZONE"
2621,2024-03-06,138.0,"NO2,OZONE,PM10"
2622,2024-03-07,181.0,"NO2,OZONE,PM10"
2623,2024-03-08,157.0,"NO2,OZONE,PM10"
2624,2024-03-09,145.0,"NO2,OZONE,PM10"
2625,2024-03-10,182.0,"NO2,OZONE,PM10"
2626,2024-03-11,201.0,"NO2,OZONE,PM10"
2627,2024-03-12,190.0,"NO2,OZONE,PM10"
2628,2024-03-13,165.0,"NO2,OZONE,PM10"
2629,2024-03-14,195.0,"NO2,OZONE,PM10"
2630,2024-03-15,128.0,"NO2,OZONE,PM10"
2631,2024-03-16,168.0,"NO2,OZONE,PM10"
2632,2024-03-17,193.0,"NO2,OZONE,PM10"
2633,2024-03-18,199.0,"NO2,OZONE,PM10"
2634,2024-03-19,222.0,"NO2,OZONE,PM10"
2635,2024-03-20,230.0,"OZONE,PM10,PM2.5"
2636,2024-03-21,171.0,"NO2,OZONE,PM10"
2637,2024-03-22,166.0,"NO2,OZONE,PM10"
2638,2024-03-23,232.0,"PM10,PM2.5"
2639,2024-03-24,195.0,"NO2,PM10,PM2.5"
2640,2024-03-25,197.0,"PM10,PM2.5"
2641,2024-03-26,134.0,"NO2,OZONE,PM10"
2642,2024-03-27,178.0,"NO2,OZONE,PM10"
2643,2024-03-28,160.0,"NO2,OZONE,PM10"
2644,2024-03-29,176.0,"NO2,OZONE,PM10"
2645,2024-03-30,190.0,"NO2,OZONE,PM10"
2646,2024-03-31,243.0,"PM10,PM2.5"
2647,2024-04-01,133.0,"NO2,OZONE,PM10"
2648,2024-04-02,144.0,"NO2,OZONE,PM10"
2649,2024-04-03,167.0,"NO2,OZONE,PM10"
2650,2024-04-04,173.0,"NO2,OZONE,PM10"
2651,2024-04-05,174.0,"PM10,PM2.5"
2652,2024-04-06,168.0,"OZONE,PM10,PM2.5"
2653,2024-04-07,179.0,"NO2,OZONE,PM10"
2654,2024-04-08,191.0,"NO2,OZONE,PM10"
2655,2024-04-09,203.0,"NO2,OZONE,PM10"
2656,2024-04-10,222.0,"OZONE,PM10,PM2.5"
2657,2024-04-11,240.0,"OZONE,PM10,PM2.5"
2658,2024-04-12,232.0,"OZONE,PM10,PM2.5"
2659,2024-04-13,198.0,"NO2,OZONE,PM10"
2660,2024-04-14,141.0,"CO,NO2,OZONE"
2661,2024-04-15,205.0,"OZONE,PM10,PM2.5"
2662,2024-04-16,228.0,"PM10,PM2.5"
2663,2024-04-17,147.0,"NO2,OZONE,PM10"
2664,2024-04-18,164.0,"NO2,OZONE,PM10"
2665,2024-04-19,186.0,"PM10,PM2.5"
2666,2024-04-20,219.0,"PM10,PM2.5"
2667,2024-04-21,139.0,"OZONE,PM10,PM2.5"
2668,2024-04-22,129.0,"NO2,OZONE,PM10"
2669,2024-04-23,190.0,"OZONE,PM10,PM2.5"
2670,2024-04-24,178.0,"OZONE,PM10,PM2.5"
2671,2024-04-25,200.0,"OZONE,PM10,PM2.5"
2672,2024-04-26,197.0,"NO2,OZONE,PM10"
2673,2024-04-27,165.0,"NO2,OZONE,PM10"
2674,2024-04-28,176.0,"NO2,OZONE,PM10"
2675,2024-04-29,225.0,"NO2,PM10,PM2.5"
2676,2024-04-30,189.0,"NO2,OZONE,PM10"
2677,2024-05-01,200.0,"PM10,PM2.5"
2678,2024-05-02,197.0,"OZONE,PM10,PM2.5"
2679,2024-05-03,264.0,"OZONE,PM10,PM2.5"
2680,2024-05-04,282.0,"PM10,PM2.5"
2681,2024-05-05,292.0,"OZONE,PM10,PM2.5"
2682,2024-05-06,248.0,"OZONE,PM10,PM2.5"
2683,2024-05-07,303.0,"PM10,PM2.5"
2684,2024-05-08,225.0,"OZONE,PM10,PM2.5"
2685,2024-05-09,179.0,"OZONE,PM10,PM2.5"
2686,2024-05-10,180.0,"OZONE,PM10,PM2.5"
2687,2024-05-11,242.0,"OZONE,PM10,PM2.5"
2688,2024-05-12,184.0,"OZONE,PM10,PM2.5"
2689,2024-05-13,228.0,"OZONE,PM10,PM2.5"
2690,2024-05-14,235.0,"OZONE,PM10,PM2.5"
2691,2024-05-15,244.0,"OZONE,PM10,PM2.5"
2692,2024-05-16,236.0,"OZONE,PM10,PM2.5"
2693,2024-05-17,233.0,"OZONE,PM10,PM2.5"
2694,2024-05-18,262.0,"PM10,PM2.5"
2695,2024-05-19,245.0,"OZONE,PM10,PM2.5"
2696,2024-05-20,228.0,"OZONE,PM10,PM2.5"
2697,2024-05-21,240.0,"OZONE,PM10,PM2.5"
2698,2024-05-22,193.0,"OZONE,PM10,PM2.5"
2699,2024-05-23,156.0,"NO2,OZONE,PM10"
2700,2024-05-24,157.0,"OZONE,PM10,PM2.5"
2701,2024-05-25,168.0,"OZONE,PM10,PM2.5"
2702,2024-05-26,191.0,"OZONE,PM10,PM2.5"
2703,2024-05-27,225.0,"CO,PM10,PM2.5"
2704,2024-05-28,246.0,"OZONE,PM10,PM2.5"
2705,2024-05-29,240.0,"CO,OZONE,PM10"
2706,2024-05-30,230.0,"CO,OZONE,PM10"
2707,2024-05-31,192.0,"OZONE,PM10,PM2.5"
2708,2024-06-01,245.0,"PM10,PM2.5"
2709,2024-06-02,173.0,"OZONE,PM10,PM2.5"
2710,2024-06-03,155.0,"OZONE,PM10,PM2.5"
2711,2024-06-04,211.0,"OZONE,PM10,PM2.5"
2712,2024-06-05,251.0,"PM10,PM2.5"
2713,2024-06-06,183.0,"OZONE,PM10,PM2.5"
2714,2024-06-07,231.0,"PM10,PM2.5"
2715,2024-06-08,237.0,"OZONE,PM10,PM2.5"
2716,2024-06-09,182.0,"OZONE,PM10,PM2.5"
2717,2024-06-10,172.0,"OZONE,PM10,PM2.5"
2718,2024-06-11,223.0,"NO2,OZONE,PM10"
2719,2024-06-12,213.0,"OZONE,PM10,PM2.5"
2720,2024-06-13,195.0,"OZONE,PM10,PM2.5"
2721,2024-06-14,189.0,"NO2,PM10,PM2.5"
2722,2024-06-15,186.0,"NO2,OZONE,PM10"
2723,2024-06-16,197.0,"PM10,PM2.5"
2724,2024-06-17,169.0,"PM10,PM2.5"
2725,2024-06-18,196.0,"PM10,PM2.5"
2726,2024-06-19,306.0,"PM10,PM2.5"
2727,2024-06-20,179.0,"OZONE,PM10,PM2.5"
2728,2024-06-21,175.0,"PM10,PM2.5"
2729,2024-06-22,186.0,"OZONE,PM10,PM2.5"
2730,2024-06-23,145.0,"OZONE,PM10,PM2.5"
2731,2024-06-24,138.0,"PM10,PM2.5"
2732,2024-06-25,134.0,"OZONE,PM10,PM2.5"
2733,2024-06-26,132.0,"CO,OZONE,PM10"
2734,2024-06-27,74.0,"CO,NO2,PM10"
2735,2024-06-28,64.0,"CO,NO2,OZONE"
2736,2024-06-29,118.0,"PM10,PM2.5"
2737,2024-06-30,115.0,"PM10,PM2.5"
2738,2024-07-01,105.0,"OZONE,PM10,PM2.5"
2739,2024-07-02,118.0,"OZONE,PM10,PM2.5"
2740,2024-07-03,108.0,"CO,NO2,PM10"
2741,2024-07-04,61.0,"CO,NO2,OZONE"
2742,2024-07-05,77.0,"CO,NO2,OZONE"
2743,2024-07-06,65.0,"CO,NO2,OZONE"
2744,2024-07-07,56.0,"CO,NO2,OZONE"
2745,2024-07-08,56.0,"CO,NO2,OZONE"
2746,2024-07-09,84.0,"CO,NO2,OZONE"
2747,2024-07-10,138.0,"NO2,PM10,PM2.5"
2748,2024-07-11,113.0,"NO2,OZONE,PM10"
2749,2024-07-12,107.0,"NO2,PM10,PM2.5"
2750,2024-07-13,102.0,"NO2,OZONE,PM10"
2751,2024-07-14,107.0,"NO2,OZONE,PM10"
2752,2024-07-15,109.0,"NO2,OZONE,PM10"
2753,2024-07-16,100.0,"NO2,OZONE,PM10"
2754,2024-07-17,90.0,"NO2,OZONE,PM10"
2755,2024-07-18,95.0,"CO,NO2,OZONE"
2756,2024-07-19,124.0,"PM10,PM2.5"
2757,2024-07-20,109.0,"NO2,PM10,PM2.5"
2758,2024-07-21,103.0,"NO2,OZONE,PM10"
2759,2024-07-22,85.0,"NO2,OZONE,PM10"
2760,2024-07-23,93.0,"NO2,OZONE,PM10"
2761,2024-07-24,97.0,"CO,NO2,OZONE"
2762,2024-07-25,109.0,"CO,NO2,OZONE"
2763,2024-07-26,84.0,"CO,NO2,OZONE"
2764,2024-07-27,131.0,"OZONE,PM10,PM2.5"
2765,2024-07-28,83.0,"CO,NO2,OZONE"
2766,2024-07-29,76.0,"CO,NO2,OZONE"
2767,2024-07-30,97.0,"CO,NO2,OZONE"
2768,2024-07-31,96.0,"CO,NO2,OZONE"
2769,2024-08-01,64.0,"CO,NO2,OZONE"
2770,2024-08-02,76.0,"CO,NO2,OZONE"
2771,2024-08-03,68.0,"CO,NO2,OZONE"
2772,2024-08-04,64.0,"CO,NO2,OZONE"
2773,2024-08-05,59.0,"CO,NO2,PM10"
2774,2024-08-06,61.0,"CO,NO2,PM10"
2775,2024-08-07,61.0,"CO,NO2,OZONE"
2776,2024-08-08,54.0,"CO,NO2,OZONE"
2777,2024-08-09,61.0,"CO,NO2,OZONE"
2778,2024-08-10,71.0,"CO,NO2,OZONE"
2779,2024-08-11,69.0,"CO,NO2,PM10"
2780,2024-08-12,56.0,"CO,NO2,PM10"
2781,2024-08-13,63.0,"CO,NO2,OZONE"
2782,2024-08-14,79.0,"CO,NO2,PM10"
2783,2024-08-15,72.0,"CO,NO2,PM10"
2784,2024-08-16,63.0,"CO,NO2,OZONE"
2785,2024-08-17,74.0,"CO,NO2,OZONE"
2786,2024-08-18,83.0,"CO,OZONE,PM10"
2787,2024-08-19,84.0,"CO,NO2,OZONE"
2788,2024-08-20,66.0,"CO,NO2,OZONE"
2789,2024-08-21,87.0,"CO,NO2,OZONE"
2790,2024-08-22,85.0,"CO,OZONE,PM10"
2791,2024-08-23,77.0,"CO,NO2,OZONE"
2792,2024-08-24,105.0,"NO2,PM10,PM2.5"
2793,2024-08-25,77.0,"CO,NO2,OZONE"
2794,2024-08-26,72.0,"CO,OZONE,PM10"
2795,2024-08-27,64.0,"CO,OZONE,PM10"
2796,2024-08-28,70.0,"CO,NO2,OZONE"
2797,2024-08-29,58.0,"CO,NO2,OZONE"
2798,2024-08-30,102.0,"CO,NO2,OZONE"
2799,2024-08-31,92.0,"CO,PM10,PM2.5"
2800,2024-09-01,101.0,"OZONE,PM10,PM2.5"
2801,2024-09-02,87.0,"CO,NO2,OZONE"
2802,2024-09-03,89.0,"CO,NO2,OZONE"
2803,2024-09-04,69.0,"CO,NO2,PM10"
2804,2024-09-05,83.0,"CO,NO2,OZONE"
2805,2024-09-06,95.0,"CO,NO2,PM10"
2806,2024-09-07,71.0,"CO,NO2,OZONE"
2807,2024-09-08,91.0,"CO,PM10,PM2.5"
2808,2024-09-09,114.0,"PM10,PM2.5"
2809,2024-09-10,106.0,"CO,NO2,OZONE"
2810,2024-09-11,71.0,"CO,NO2,OZONE"
2811,2024-09-12,64.0,"CO,NO2,PM10"
2812,2024-09-13,52.0,"CO,NO2,OZONE"
2813,2024-09-14,62.0,"CO,NO2,OZONE"
2814,2024-09-15,107.0,"CO,NO2,PM10"
2815,2024-09-16,139.0,"CO,NO2,PM10"
2816,2024-09-17,172.0,"OZONE,PM10,PM2.5"
2817,2024-09-18,115.0,"NO2,PM10,PM2.5"
2818,2024-09-19,56.0,"CO,NO2,OZONE"
2819,2024-09-20,98.0,"NO2,PM10,PM2.5"
2820,2024-09-21,116.0,"CO,NO2,OZONE"
2821,2024-09-22,162.0,"NO2,OZONE,PM10"
2822,2024-09-23,165.0,"OZONE,PM10,PM2.5"
2823,2024-09-24,195.0,"OZONE,PM10,PM2.5"
2824,2024-09-25,233.0,"PM10,PM2.5"
2825,2024-09-26,94.0,"CO,NO2,OZONE"
2826,2024-09-27,80.0,"CO,NO2,OZONE"
2827,2024-09-28,66.0,"CO,NO2,OZONE"
2828,2024-09-29,74.0,"CO,NO2,OZONE"
2829,2024-09-30,126.0,"CO,NO2,PM10"
2830,2024-10-01,149.0,"PM10,PM2.5"
2831,2024-10-02,173.0,"NO2,PM10,PM2.5"
2832,2024-10-03,162.0,"CO,NO2,OZONE"
2833,2024-10-04,184.0,"CO,NO2,OZONE"
2834,2024-10-05,145.0,"CO,NO2,OZONE"
2835,2024-10-06,143.0,"CO,OZONE,PM10"
2836,2024-10-07,126.0,"CO,OZONE,PM10"
2837,2024-10-08,167.0,"OZONE,PM10,PM2.5"
2838,2024-10-09,164.0,"OZONE,PM10,PM2.5"
2839,2024-10-10,132.0,"CO,PM10,PM2.5"
2840,2024-10-11,141.0,"CO,OZONE,PM10"
2841,2024-10-12,155.0,"CO,OZONE,PM10"
2842,2024-10-13,224.0,"OZONE,PM10,PM2.5"
2843,2024-10-14,234.0,"NO2,PM10,PM2.5"
2844,2024-10-15,198.0,"NO2,OZONE,PM10"
2845,2024-10-16,230.0,"OZONE,PM10,PM2.5"
2846,2024-10-17,285.0,"OZONE,PM10,PM2.5"
2847,2024-10-18,292.0,"PM10,PM2.5"
2848,2024-10-19,278.0,"PM10,PM2.5"
2849,2024-10-20,277.0,"OZONE,PM10,PM2.5"
2850,2024-10-21,310.0,"PM10,PM2.5"
2851,2024-10-22,327.0,"PM10,PM2.5"
2852,2024-10-23,364.0,"PM10,PM2.5"
2853,2024-10-24,306.0,"PM10,PM2.5"
2854,2024-10-25,270.0,"PM10,PM2.5"
2855,2024-10-26,255.0,"OZONE,PM10,PM2.5"
2856,2024-10-27,356.0,"PM10,PM2.5"
2857,2024-10-28,304.0,"PM10,PM2.5"
2858,2024-10-29,268.0,"OZONE,PM10,PM2.5"
2859,2024-10-30,307.0,"NO2,OZONE,PM10"
2860,2024-10-31,328.0,"PM10,PM2.5"
2861,2024-11-01,339.0,"PM10,PM2.5"
2862,2024-11-02,318.0,"PM10,PM2.5"
2863,2024-11-03,381.0,"PM10,PM2.5"
2864,2024-11-04,380.0,"PM10,PM2.5"
2865,2024-11-05,372.0,"PM10,PM2.5"
2866,2024-11-06,351.0,"PM10,PM2.5"
2867,2024-11-07,377.0,"PM10,PM2.5"
2868,2024-11-08,379.0,"PM10,PM2.5"
2869,2024-11-09,350.0,"PM10,PM2.5"
2870,2024-11-10,334.0,"PM10,PM2.5"
2871,2024-11-11,352.0,"PM10,PM2.5"
2872,2024-11-12,334.0,"PM10,PM2.5"
2873,2024-11-13,418.0,"PM10,PM2.5"
2874,2024-11-14,424.0,"PM10,PM2.5"
2875,2024-11-15,396.0,"PM10,PM2.5"
2876,2024-11-16,417.0,"PM10,PM2.5"
2877,2024-11-17,441.0,"PM10,PM2.5"
2878,2024-11-18,494.0,"PM10,PM2.5"
2879,2024-11-19,460.0,"PM10,PM2.5"
2880,2024-11-20,419.0,"PM10,PM2.5"
2881,2024-11-21,371.0,"PM10,PM2.5"
2882,2024-11-22,393.0,"PM10,PM2.5"
2883,2024-11-23,412.0,"PM10,PM2.5"
2884,2024-11-24,318.0,"PM10,PM2.5"
2885,2024-11-25,349.0,"PM10,PM2.5"
2886,2024-11-26,343.0,"PM10,PM2.5"
2887,2024-11-27,303.0,"OZONE,PM10,PM2.5"
2888,2024-11-28,325.0,"PM10,PM2.5"
2889,2024-11-29,331.0,"OZONE,PM10,PM2.5"
2890,2024-11-30,346.0,"PM10,PM2.5"
2891,2024-12-01,285.0,"PM10,PM2.5"
2892,2024-12-02,280.0,"PM10,PM2.5"
2893,2024-12-03,268.0,"PM10,PM2.5"
2894,2024-12-04,178.0,"NO2,OZONE,PM10"
2895,2024-12-05,165.0,"NO2,OZONE,PM10"
2896,2024-12-06,197.0,"OZONE,PM10,PM2.5"
2897,2024-12-07,233.0,"NO2,OZONE,PM10"
2898,2024-12-08,302.0,"OZONE,PM10,PM2.5"
2899,2024-12-09,186.0,"PM10,PM2.5"
2900,2024-12-10,234.0,"OZONE,PM10,PM2.5"
2901,2024-12-11,199.0,"OZONE,PM10,PM2.5"
2902,2024-12-12,288.0,"OZONE,PM10,PM2.5"
2903,2024-12-13,262.0,"PM10,PM2.5"
2904,2024-12-14,193.0,"NO2,OZONE,PM10"
2905,2024-12-15,294.0,"OZONE,PM10,PM2.5"
2906,2024-12-16,379.0,"PM10,PM2.5"
2907,2024-12-17,433.0,"PM10,PM2.5"
2908,2024-12-18,445.0,"PM10,PM2.5"
2909,2024-12-19,451.0,"PM10,PM2.5"
2910,2024-12-20,429.0,"PM10,PM2.5"
2911,2024-12-21,370.0,"PM10,PM2.5"
2912,2024-12-22,409.0,"PM10,PM2.5"
2913,2024-12-23,406.0,"PM10,PM2.5"
2914,2024-12-24,369.0,"PM10,PM2.5"
2915,2024-12-25,336.0,"PM10,PM2.5"
2916,2024-12-26,345.0,"PM10,PM2.5"
2917,2024-12-27,353.0,"PM10,PM2.5"
2918,2024-12-28,139.0,"PM10,PM2.5"
2919,2024-12-29,225.0,"PM10,PM2.5"
2920,2024-12-30,173.0,"PM10,PM2.5"
2921,2024-12-31,283.0,"PM10,PM2.5"
2922,2025-01-01,328.0,"PM10,PM2.5"
2923,2025-01-02,318.0,"PM10,PM2.5"
2924,2025-01-03,371.0,"PM10,PM2.5"
2925,2025-01-04,378.0,"OZONE,PM10,PM2.5"
2926,2025-01-05,339.0,"PM10,PM2.5"
2927,2025-01-06,335.0,"PM10,PM2.5"
2928,2025-01-07,296.0,"PM10,PM2.5"
2929,2025-01-08,297.0,"PM10,PM2.5"
2930,2025-01-09,357.0,"OZONE,PM10,PM2.5"
2931,2025-01-10,397.0,"PM10,PM2.5"
2932,2025-01-11,327.0,"PM10,PM2.5"
2933,2025-01-12,278.0,"PM10,PM2.5"
2934,2025-01-13,248.0,"PM10,PM2.5"
2935,2025-01-14,275.0,"OZONE,PM10,PM2.5"
2936,2025-01-15,386.0,"PM10,PM2.5"
2937,2025-01-16,302.0,"PM10,PM2.5"
2938,2025-01-17,289.0,"PM10,PM2.5"
2939,2025-01-18,255.0,"OZONE,PM10,PM2.5"
2940,2025-01-19,368.0,"PM10,PM2.5"
2941,2025-01-20,314.0,"PM10,PM2.5"
2942,2025-01-21,289.0,"PM10,PM2.5"
2943,2025-01-22,260.0,"PM10,PM2.5"
2944,2025-01-23,257.0,"PM10,PM2.5"
2945,2025-01-24,199.0,"OZONE,PM10,PM2.5"
2946,2025-01-25,174.0,"NO2,OZONE,PM10"
2947,2025-01-26,216.0,"OZONE,PM10,PM2.5"
2948,2025-01-27,268.0,"OZONE,PM10,PM2.5"
2949,2025-01-28,276.0,"OZONE,PM10,PM2.5"
2950,2025-01-29,365.0,"PM10,PM2.5"
2951,2025-01-30,363.0,"PM10,PM2.5"
2952,2025-01-31,351.0,"PM10,PM2.5"
2953,2025-02-01,355.0,"PM10,PM2.5"
2954,2025-02-02,326.0,"PM10,PM2.5"
2955,2025-02-03,286.0,"PM10,PM2.5"
2956,2025-02-04,264.0,"PM10,PM2.5"
2957,2025-02-05,284.0,"PM10,PM2.5"
2958,2025-02-06,210.0,"PM10,PM2.5"
2959,2025-02-07,156.0,"NO2,OZONE,PM10"
2960,2025-02-08,152.0,"OZONE,PM10,PM2.5"
2961,2025-02-09,227.0,"NO2,OZONE,PM10"
2962,2025-02-10,271.0,"NO2,PM10,PM2.5"
2963,2025-02-11,293.0,"NO2,OZONE,PM10"
2964,2025-02-12,212.0,"NO2,PM10,PM2.5"
2965,2025-02-13,134.0,"NO2,OZONE,PM10"
2966,2025-02-14,131.0,"CO,NO2,OZONE"
2967,2025-02-15,191.0,"OZONE,PM10,PM2.5"
2968,2025-02-16,294.0,"PM10,PM2.5"
2969,2025-02-17,231.0,"OZONE,PM10,PM2.5"
2970,2025-02-18,209.0,"PM10,PM2.5"
2971,2025-02-19,180.0,"NO2,OZONE,PM10"
2972,2025-02-20,160.0,"NO2,OZONE,PM10"
2973,2025-02-21,158.0,"CO,NO2,OZONE"
2974,2025-02-22,155.0,"CO,NO2,OZONE"
2975,2025-02-23,144.0,"NO2,OZONE,PM10"
2976,2025-02-24,186.0,"OZONE,PM10,PM2.5"
2977,2025-02-25,208.0,"OZONE,PM10,PM2.5"
2978,2025-02-26,247.0,"OZONE,PM10,PM2.5"
2979,2025-02-27,215.0,"PM10,PM2.5"
2980,2025-02-28,121.0,"CO,NO2,PM10"
2981,2025-03-01,126.0,"CO,NO2,OZONE"
2982,2025-03-02,125.0,"NO2,OZONE,PM10"
2983,2025-03-03,156.0,"NO2,OZONE,PM10"
2984,2025-03-04,148.0,"NO2,OZONE,PM10"
2985,2025-03-05,119.0,"CO,NO2,OZONE"
2986,2025-03-06,124.0,"CO,NO2,OZONE"
2987,2025-03-07,202.0,"OZONE,PM10,PM2.5"
2988,2025-03-08,158.0,"NO2,OZONE,PM10"
2989,2025-03-09,209.0,"OZONE,PM10,PM2.5"
2990,2025-03-10,197.0,"OZONE,PM10,PM2.5"
2991,2025-03-11,262.0,"OZONE,PM10,PM2.5"
2992,2025-03-12,228.0,"PM10,PM2.5"
2993,2025-03-13,179.0,"CO,OZONE,PM10"
2994,2025-03-14,198.0,"OZONE,PM10,PM2.5"
2995,2025-03-15,85.0,"CO,NO2,OZONE"
2996,2025-03-16,99.0,"NO2,OZONE,PM10"
2997,2025-03-17,108.0,"NO2,OZONE,PM10"
2998,2025-03-18,145.0,"CO,OZONE,PM10"
2999,2025-03-19,160.0,"CO,NO2,OZONE"
3000,2025-03-20,156.0,"NO2,OZONE,PM10"
3001,2025-03-21,144.0,"NO2,OZONE,PM10"
3002,2025-03-22,161.0,"NO2,OZONE,PM10"
3003,2025-03-23,194.0,"NO2,OZONE,PM10"
3004,2025-03-24,206.0,"OZONE,PM10,PM2.5"
3005,2025-03-25,234.0,"OZONE,PM10,PM2.5"
3006,2025-03-26,231.0,"OZONE,PM10,PM2.5"
3007,2025-03-27,259.0,"PM10,PM2.5"
3008,2025-03-28,205.0,"NO2,OZONE,PM10"
3009,2025-03-29,153.0,"CO,NO2,OZONE"
3010,2025-03-30,138.0,"CO,NO2,OZONE"
3011,2025-03-31,160.0,"CO,NO2,OZONE"
